{
	"LegacyWorldGen": {
		"0": "Creazione terreno del mondo",
		"10": "Creazione grotte superficiali",
		"11": "Creazione giungla",
		"12": "Creazione isole fluttuanti",
		"13": "Aggiunta campi di funghi",
		"14": "Posizionamento fango nella terra",
		"15": "Aggiunta fango",
		"16": "Aggiunta elementi luminosi",
		"17": "Aggiunta ragnatele",
		"18": "Creazione Inferi",
		"19": "Aggiunta creature acquatiche",
		"1": "Aggiunta sabbia",
		"20": "Creazione di un mondo malvagio",
		"21": "Creazione grotte montuose",
		"22": "Creazione spiagge",
		"23": "Aggiunta gemme",
		"24": "Rotazione sabbia",
		"25": "Pulizia sfondi sporchi",
		"26": "Posizionamento altari",
		"27": "Versamento liquidi",
		"28": "Posizionamento cristalli di vita",
		"29": "Posizionamento statue",
		"2": "Creazione colline",
		"30": "Occultamento tesori",
		"31": "Occultamento altri tesori",
		"32": "Occultamento tesori nella giungla",
		"33": "Occultamento tesori in acqua",
		"34": "Posizionamento trappole",
		"35": "Posizionamento oggetti fragili",
		"36": "Posizionamento creazioni degli inferi",
		"37": "Estensione erba",
		"38": "Crescita cactus",
		"39": "Coltivazione girasoli",
		"3": "Aggiunta terra su terra",
		"40": "Coltivazione alberi",
		"41": "Coltivazione erbe",
		"42": "Coltivazione erbacce",
		"43": "Coltivazione viti",
		"44": "Coltivazione fiori",
		"45": "Coltivazione funghi",
		"46": "Liberazione risorse inutilizzate",
		"47": "Ripristino oggetti di gioco",
		"48": "Impostazione modalità difficile",
		"49": "Salvataggio dati del mondo:",
		"4": "Posizionamento rocce nella terra",
		"50": "Backup file mondo",
		"51": "Caricamento dati del mondo:",
		"52": "Controllo allineamento mattonelle:",
		"53": "Caricamento non riuscito!",
		"54": "Nessun backup trovato.",
		"55": "Ricerca mattonelle:",
		"56": "Aggiunta neve",
		"57": "Mondo",
		"58": "Creazione dungeon",
		"59": "Un meteorite è atterrato!",
		"5": "Posizionamento terra nelle rocce",
		"60": "Allisciamento del mondo",
		"61": "Aggiunta di muschio",
		"62": "Aggiunta di gemme",
		"63": "Creazione di grotte nei muri",
		"64": "Aggiunta di grotte di ragni",
		"65": "Rimozione dati mappa:",
		"66": "Salvataggio dati mappa:",
		"67": "Caricamento dati mappa:",
		"68": "Disegno mappa:",
		"69": "Creazione cascate",
		"6": "Aggiunta argilla",
		"70": "Creazione rovine nella giungla",
		"71": "Creazione nidi di calabroni",
		"72": "Aumento del pericolo",
		"73": "Convalida salvataggio mondo:",
		"74": "Una pioggia di slime!",
		"75": "La pioggia di slime è finita.",
		"76": "Creazione strutture.",
		"77": "Aggiunta di altra erba",
		"78": "Desertificazione",
		"79": "Decorazione muri",
		"7": "Creazione fori casuali",
		"80": "Cesellamento marmo",
		"81": "Crescita granito",
		"8": "Creazione grotte piccole",
		"9": "Creazione grotte grandi"
	},
	"LegacyDialog": {
		"1": "Spero che tra noi e l'Occhio di Cthulhu non ci sia solo una pulce come te.",
		"10": "Guarda i miei blocchi di terra: sono super terrosi.",
		"100": "Perché purificare il mondo quando potresti farlo saltare in aria?",
		"101": "Se verserai questo nella vasca da bagno e chiuderai tutte le finestre, ti pulirà le cavità nasali e ti sturerà le orecchie!",
		"102": "Vuoi giocare al gioco del perché?",
		"103": "Ehi, potresti firmare questa rinuncia al dolore?",
		"104": "VIETATO FUMARE QUI DENTRO!",
		"105": "Gli esplosivi vanno a ruba di questi tempi. Comprane un po'!",
		"106": "È un bel giorno per morire!",
		"107": "Mi chiedo cosa succederà se io... (BUM!) Oh, scusa, ti serviva quella gamba?",
		"108": "La dinamite, la mia cura speciale per tutto ciò che ti affligge.",
		"109": "Guarda i miei prodotti: hanno prezzi esplosivi!",
		"11": "Mamma mia quanto scotta il sole! Però io ho un'armatura perfettamente ventilata.",
		"110": "Continuo ad avere vaghi ricordi di aver legato una donna e averla gettata in un dungeon.",
		"111": "... Abbiamo un problema! Oggi c'è la Luna di Sangue!",
		"112": "Fossi più giovane, chiederei a {Nurse} di uscire con me. Avevo un successone con le ragazze.",
		"113": "Quel tuo cappello rosso mi sembra familiare...",
		"114": "Grazie ancora per avermi liberato dalla maledizione. È stato come se qualcosa mi fosse saltato addosso e mi avesse morso.",
		"115": "La mamma mi diceva sempre che sarei stato un grande sarto.",
		"116": "La vita è come una scatola di vestiti: non sai mai ciò che indosserai!",
		"117": "Ricamare è difficile! Se non lo fosse, nessuno lo farebbe! È ciò che lo rende fantastico.",
		"118": "So tutto ciò che c'è da sapere sulle attività di sartoria.",
		"119": "Nella maledizione ero solo, perciò una volta mi creai un amico di pelle. Lo chiamai Wilson.",
		"12": "Il sole è alto, ma i miei prezzi no.",
		"120": "Grazie per avermi liberato, umano. Sono stato legato e lasciato qui dagli altri goblin. Si potrebbe dire che non andavamo proprio d'accordo.",
		"121": "Non posso credere che mi abbiano legato e lasciato qui soltanto per aver fatto notare che non andavano verso est!",
		"122": "Ora che sono un escluso, posso buttar via le palle chiodate? Le mie tasche pungono.",
		"123": "Cerchi un esperto di gadget? Sono il tuo goblin!",
		"124": "Grazie per l'aiuto. Ora devo smetterla di gironzolare senza scopo qui attorno. Ci incontreremo di nuovo.",
		"125": "Pensavo fossi più alto.",
		"126": "Ehi... cosa sta combinando {Mechanic}? Ci hai... ci hai parlato, per caso?",
		"127": "Ehi, il tuo cappello ha bisogno di un motore? Credo di averne uno perfettamente adatto.",
		"128": "Ciao, ho sentito che ti piacciono i razzi e gli stivali da corsa, così ho messo dei missili nei tuoi stivali.",
		"129": "Il silenzio è d'oro. Il nastro adesivo è d'argento.",
		"13": "Ecco, ti pareva! Da qui sento {Mechanic} e {Nurse} che discutono.",
		"130": "SÌ, l'oro è più forte del ferro. Cosa insegnano al giorno d'oggi a questi umani?",
		"131": "Sai, quella combinazione casco da minatore-pinne era venuta meglio sulla carta.",
		"132": "I goblin si irritano molto facilmente. Potrebbero persino scatenare una guerra per i tessuti!",
		"133": "A dire il vero, gran parte dei goblin non sono particolarmente intelligenti. Beh, alcuni sì.",
		"134": "Sai perché ci portiamo dietro queste palle chiodate? Io non ne ho idea...",
		"135": "Ho appena finito la mia ultima creazione! Questa versione non esplode violentemente se ci si respira troppo forte sopra.",
		"136": "I ladri goblin non sono molto furbi. Non sanno nemmeno rubare da una cassa aperta!",
		"137": "Grazie per avermi salvato, amico! Queste funi iniziavano a irritarmi.",
		"138": "Ooh, che eroismo!",
		"139": "Oh, che eroismo! Mi hai salvato, grazie amica!",
		"14": "Hai visto Chith... Shith... Chat... Insomma, il grande occhio?",
		"140": "Oh, eroico!  Grazie per avermi salvato, ragazzo!",
		"141": "Ora che ci conosciamo, posso trasferirmi da te, vero?",
		"142": "Beh, ciao, {Guide}! Cosa posso fare per te oggi?",
		"143": "Beh, ciao, {Demolitionist}! Cosa posso fare per te oggi?",
		"144": "Beh, ciao, {GoblinTinkerer}! Cosa posso fare per te oggi?",
		"145": "Beh, ciao, {Nurse}! Cosa posso fare per te oggi?",
		"146": "Beh, ciao, {Mechanic}! Cosa posso fare per te oggi?",
		"147": "Beh, ciao, {Dryad}! Cosa posso fare per te oggi?",
		"148": "Vuoi che tiri fuori una moneta da dietro il tuo orecchio? No? Ok.",
		"149": "Vuoi dei dolci magici? No? Ok.",
		"15": "Ehi, questa casa è sicura, vero? Vero? {PlayerName}?",
		"150": "So preparare una cioccolata calda proprio deliziosa se ti inter... Ah, no? Ok.",
		"151": "Sei qui per dare un'occhiata alla mia sfera di cristallo?",
		"152": "Non hai mai desiderato un anello incantato che trasforma le rocce in slime? Neanch'io.",
		"153": "Una volta qualcuno mi disse che l'amicizia è come la magia. Sciocchezze. Non puoi trasformare le persone in rane con l'amicizia.",
		"154": "Ora vedo il tuo futuro... Comprerai molti prodotti da me!",
		"155": "Una volta ho provato a dare la vita a una statua dell'angelo... Invano.",
		"156": "Grazie! C'è mancato poco che facessi la stessa fine di quegli scheletri laggiù.",
		"157": "Ehi, guarda dove metti i piedi! Ero laggiù un attimo fa!",
		"158": "Resisti, ancora un po' e il Wi-Fi funzionerà anche qua.",
		"159": "Ma avevo quasi finito di mettere luci intermittenti quassù!",
		"16": "Nemmeno una Luna di Sangue può fermare il capitalismo. Facciamo un po' di affari.",
		"160": "NON MUOVERTI. MI È CADUTA UNA LENTE A CONTATTO.",
		"161": "Tutto ciò che voglio è che l'interruttore faccia... Che c'è?!",
		"162": "Oh, fammi indovinare. Non hai comprato abbastanza cavi. Idiota.",
		"163": "Potresti soltanto... Per favore? Ok? Ok. Puah.",
		"164": "Non mi piace il modo in cui mi guardi. Sto LAVORANDO.",
		"165": "Ehi, {PlayerName}, sei appena stato dal {GoblinTinkerer}? Ha detto qualcosa su di me, per caso?",
		"166": "{ArmsDealer} continua a dire di aver schiacciato la mia piastra a pressione. Gli ho spiegato che bisognava salirci sopra.",
		"167": "Compra sempre più cavi del necessario!",
		"168": "Hai controllato che il dispositivo fosse collegato?",
		"169": "Oh, sai di cosa ha bisogno questa casa? Di più luci intermittenti.",
		"17": "Tieni d'occhio il premio, compra una lente!",
		"170": "C'è Luna di Sangue quando il cielo si fa rosso... e qualcosa fa ridestare i mostri.",
		"171": "Ehi, amico, sai dove trovare un po' di erbamorte? Oh, me lo stavo solo chiedendo, tutto qua.",
		"172": "Se dovessi alzare lo sguardo, vedresti che la luna è rossa ora.",
		"173": "Non dovresti uscire di casa stanotte. È molto pericoloso girare al buio.",
		"174": "Saluti, {PlayerName}. Come posso esserti utile?",
		"175": "Sono qui per darti consigli su cosa fare dopo. Ti consiglio di parlare con me ogni volta che sei nei guai.",
		"176": "Pare che ci sia una persona che ti dirà come sopravvivere in questa terra... Oh, aspetta. Sono io.",
		"177": "Puoi utilizzare il piccone per scavare nell'immondizia e l'ascia per abbattere gli alberi. Posiziona il cursore sulla mattonella e fai clic!",
		"178": "Se vuoi sopravvivere, dovrai creare armi e un riparo. Inizia abbattendo gli alberi e raccogliendo legna.",
		"179": "Premi {InventoryKey} per accedere al menu di creazione degli oggetti. Quando avrai abbastanza legna, crea un banco da lavoro. Così potrai realizzare oggetti più sofisticati quando ti ci trovi vicino.",
		"18": "Kosh, kapleck Mog. Oh scusa, in klingon significa \"Compra qualcosa o muori\".",
		"180": "Puoi costruirti un riparo con legna o altri blocchi nel mondo. Non dimenticare di creare e sistemare i muri.",
		"181": "Quando avrai una spada di legno, potrai provare a raccogliere la gelatina dagli slime. Unisci la legna e la gelatina per creare una torcia!",
		"182": "Per interagire con gli ambienti, usa un martello!",
		"183": "Devi fare un po' di estrazione per trovare minerali metallici con cui fabbricare oggetti molto utili.",
		"184": "Ora che hai un po' di minerale, dovrai trasformarlo in una barra per poter realizzare degli oggetti. Per questo ti servirà una fornace!",
		"185": "Puoi creare una fornace con torce, legna e pietra. Dovrai essere vicino a un banco da lavoro.",
		"186": "Avrai bisogno di un'incudine per creare la maggior parte degli oggetti dalle barre metalliche.",
		"187": "Le incudini possono essere create con del ferro o acquistate da un mercante.",
		"188": "Sottoterra ci sono cuori di cristallo che possono essere utilizzati per aumentare la tua vita massima. Dovrai spaccarli con il piccone.",
		"189": "Se raccoglierai 5 stelle cadenti, potrai unirle per creare un oggetto che aumenterà le tue abilità magiche.",
		"19": "Sei, {PlayerName}, vero? Ho sentito belle cose su di te!",
		"190": "Le stelle cadono sul mondo di notte. Possono essere utilizzate per un sacco di cose utili. Se ne vedi una, cerca di afferrarla, poiché scomparirà dopo l'alba.",
		"191": "Ci sono diversi modi per convincere le persone a trasferirsi nella nostra città. Ovviamente avranno bisogno di una casa in cui vivere.",
		"192": "Perché una stanza sia considerata una casa, ha bisogno di una porta, una sedia, un tavolo e una fonte di luce. Assicurati che la casa abbia anche i muri.",
		"193": "Due persone non possono vivere nella stessa casa. Inoltre, se la loro casa verrà distrutta, cercheranno un nuovo posto in cui vivere.",
		"194": "Puoi utilizzare l'interfaccia Alloggio per visualizzare e assegnare gli alloggi. Apri l'inventario e fai clic sull'icona della casa.",
		"195": "Se vuoi che un mercante si trasferisca, dovrai raccogliere molto denaro. 50 monete d'argento dovrebbero bastare!",
		"196": "Se vuoi che un'infermiera si trasferisca, dovrai aumentare la tua vita massima.",
		"197": "Se avessi una pistola, scommetto che potrebbe apparire un mercante d'armi per venderti munizioni!",
		"198": "Dovresti metterti alla prova sconfiggendo un mostro forte. Così attirerai l'attenzione di una driade.",
		"199": "Esplora attentamente tutto il dungeon. Potrebbero esserci prigionieri nelle zone più profonde.",
		"2": "Guarda che armatura scadente! Ti conviene comprare altre pozioni curative.",
		"20": "Ho sentito dire che c'è un tesoro segreto... Oh, non importa.",
		"200": "Forse il vecchio nei pressi del dungeon vorrebbe unirsi a noi, ora che la sua maledizione è stata rimossa.",
		"201": "Non buttare le bombe che trovi. Potrebbero interessare a un esperto di demolizioni.",
		"202": "I goblin sono davvero così diversi da noi da non poterci convivere in modo pacifico?",
		"203": "Ho sentito che da queste parti vive un potente stregone. Tieni gli occhi aperti la prossima volta che scendi sottoterra.",
		"204": "Unendo le lenti su un altare dei demoni, potresti trovare un modo per evocare un potente mostro. Ma aspetta che faccia buio per provarci.",
		"205": "Puoi creare un'esca di vermi con pezzi marci e polvere disgustosa, ma devi essere in una zona corrotta prima di utilizzarla.",
		"206": "Gli altari dei demoni si trovano generalmente nella Corruzione. Dovrai trovarti nei pressi degli altari per fabbricare degli oggetti.",
		"207": "Puoi creare un rampino con un uncino e tre catene. Gli scheletri sottoterra di solito trasportano gli uncini, mentre le catene possono essere ricavate dalle barre di ferro.",
		"208": "Se vedi un vaso, demoliscilo per aprirlo. Può contenere delle utili provviste.",
		"209": "Vi sono tesori nascosti in tutto il mondo. Alcuni oggetti fantastici si possono trovare nelle zone sotterranee più profonde!",
		"21": "Una statua dell'angelo, dici? Scusa, non tratto cianfrusaglie.",
		"210": "Demolire una sfera dell'ombra provocherà a volte la caduta di un meteorite dal cielo. Le sfere dell'ombra si possono generalmente trovare negli abissi attorno alle zone corrotte.",
		"211": "Dovresti cercare di raccogliere più cristalli di vita per aumentare la tua vita massima.",
		"212": "Il tuo equipaggiamento attuale non è sufficiente. Hai bisogno di un'armatura migliore.",
		"213": "Credo tu sia pronto per la tua prima grande battaglia. Raccogli lenti dai bulbi oculari di notte e portale a un altare dei demoni.",
		"214": "Aumenta la tua vita prima di affrontare la prossima sfida. Quindici cuori dovrebbero bastare.",
		"215": "La pietra d'ebano nella Corruzione può essere purificata con polvere di driade o distrutta con esplosivi.",
		"216": "La prossima tappa consiste nell'esplorazione degli abissi corrotti. Trova e distruggi ogni sfera dell'ombra che trovi.",
		"217": "C'è un vecchio dungeon non lontano da qui. Sarebbe il momento giusto per visitarlo.",
		"218": "Dovresti cercare di aumentare al massimo le tue vite disponibili. Prova a raccogliere venti cuori.",
		"219": "Ci sono molti tesori da scoprire nella giungla, se sei disposto a scavare abbastanza in profondità.",
		"22": "L'ultimo tizio venuto qui mi ha lasciato delle cianfrusaglie... ehm. cioè dei... tesori!",
		"220": "Gli Inferi sono composti da un materiale detto pietra infernale, perfetto per creare armi e armature.",
		"221": "Quando sarai pronto a sfidare il custode degli Inferi, dovrai offrirgli una vittima sacrificale. Trovi tutto il necessario negli Inferi.",
		"222": "Ricordati di demolire ogni altare dei demoni che incontri. Se lo farai, ti succederà qualcosa di bello!",
		"223": "A volte è possibile raccogliere le anime delle creature morte in luoghi estremamente luminosi o bui.",
		"224": "Oh oh oh e una bottiglia di... zabaione!",
		"225": "Ti va di prepararmi dei biscotti?",
		"226": "Che c'è? Credevi che non fossi reale?",
		"227": "Ti ho ricucito la faccia. Fai più attenzione la prossima volta.",
		"228": "Probabilmente ti lascerà una cicatrice.",
		"229": "Meglio così. Non voglio vederti saltare da altre scogliere.",
		"23": "Mi chiedo se la luna sia fatta di formaggio... Uhm, cosa? Ah certo, compra qualcosa!",
		"230": "Non ti ha fatto troppo male, vero?",
		"231": "Come se vivere sottoterra non bastasse, mentre dormo arrivano cretini come te e mi rubano i figli.",
		"232": "Tra me e te, mi fido soltanto di {Dryad}. Lei è l'unica qui che non abbia cercato di mangiarmi o utilizzarmi in una pozione.",
		"233": "L'altro giorno ho provato a leccarmi per vedere quale fosse il problema e ho iniziato a vedere tutto blu.",
		"234": "Ogni volta che vedo il colore blu, mi deprimo e impigrisco.",
		"235": "Non hai visto suini da queste parti, vero? Mio fratello ci ha rimesso una gamba per colpa loro.",
		"236": "Tutta la gente di questa città è un po fuori di testa. Ieri notte mi sono risvegliato con il merciaio che mi rosicchiava un piede.",
		"237": "Ti farò uno sconto sull'abbigliamento se convincerai {Truffle} a venire a... farsi prendere le misure.",
		"238": "Mi sembra che {Truffle} sia un po' incompreso. È un tipo davvero divertente.",
		"24": "Hai detto oro? Te lo tolgo io.",
		"240": "Non so cosa sia la \"danza del ventre\", quindi smettila di chiedermelo!",
		"241": "Gira una voce sul mio conto: \"Se non puoi batterlo, mangiatelo!\"",
		"242": "Ehi, che hai in quel cosino?",
		"243": "Mi conviene diventare un pirata dell'aria? Ci sto pensando seriamente.",
		"244": "Qualunque cosa sia, un jetpack ti starebbe bene!",
		"245": "Mi sento un po' scontroso ultimamente, quindi basta con le chiacchiere, pezzente!",
		"246": "Sono davvero incuriosito da {Cyborg}. Che cosa consumerà per essere sempre così attivo?",
		"247": "Quel capitano mi sembra di essere in preda ai fumi dell'alcol, se capisci che intendo!",
		"248": "Mostrami qualche ingranaggio!",
		"249": "Mi piace il tuo... ingranaggio. Lo fanno anche in ottone?",
		"25": "Non ti conviene versare sangue su di me.",
		"250": "Entrando in terra consacrata, vedrai un arcobaleno in cielo. Posso aiutarti a colorarlo, se hai bisogno di una mano.",
		"251": "Dai un'occhiata a {PartyGirl}, una ragazza che può dipingere la città di rosso!",
		"252": "Conosco la differenza tra il turchese e il verde-azzurro, ma non te la spiegherò.",
		"253": "Sono a corto di bianco titanio, quindi non me lo chiedere.",
		"254": "Prova rosa e viola, funziona, lo giuro!",
		"255": "No, no, no... Esistono TONNELLATE di grigi diversi! Non cominciamo...",
		"256": "Spero che non piova finché non si sarà asciugata questa vernice. Sarebbe un disastro!",
		"257": "Ti porto i colori più ricchi in cambio della tua ricchezza!",
		"258": "Quello che indossi è troppo triste. Devi assolutamente prendere una lezione di tintura per quell'abbigliamento così spento!",
		"259": "L'unico tipo di legno che dipingerei è il mogano scuro. Dipingere altri tipi di legno è un tale spreco.",
		"26": "Sbrigati e smettila di sanguinare.",
		"260": "Devi fare qualcosa per quanto riguarda {Pirate}. Ogni volta che viene qui, mi ci vuole una settimana per far sparire la puzza!",
		"261": "Che dottore sono? Io sono uno stregone!",
		"262": "La magia si basa sulla natura. La natura è magia.",
		"263": "{Nurse} può aiutare a guarire il corpo, ma io posso farti incarnare la guarigione.",
		"264": "Scegli con saggezza, {PlayerName}, le mie materie prime sono incostanti e la mia arte oscura è misteriosa.",
		"265": "Dobbiamo parlare di... di feste.",
		"266": "Non riesco a decidere cosa mi piace di più: feste o dopo-feste.",
		"267": "Dovremmo organizzare una festa con le lampeggiaradici e poi anche un dopo-festa.",
		"268": "Wow, {PlayerName}, incontrare una persona avventurosa come te mi fa venire voglia di fare festa!",
		"269": "Metti su una palla da discoteca e ti faccio vedere come si fa una festa.",
		"27": "Se stai per morire, fallo fuori.",
		"270": "Ho visitato la Svezia in passato e ci danno davvero dentro con le feste, perché qui non è la stessa cosa?",
		"271": "Mi chiamo {PartyGirl}, ma la gente mi chiama guastafeste. Si, mi piace. Non mi offendo.",
		"272": "Ti piace fare festa? Ogni tanto? Uhm, ok allora ti rivolgerò la parola...",
		"273": "Io non sono un marinaio d'acqua dolce, ma è meglio aver provato e perso che non aver provato affatto.",
		"274": "Yo ho ho e una bottiglia di... lampeggiaradici!",
		"275": "YAR! Forte che mi parli di pappagalli perché... ehm... cosa stavamo dicendo?",
		"276": "{PlayerName}, sei una delle più belle fanciulle che questo capitano abbia visto nelle ultime due settimane!",
		"277": "Togliti dai piedi, piccola nullità!",
		"278": "Di cosa diamine stai parlando? Moby Dick è mio!",
		"279": "*Yarr Blarr Harrdarr*",
		"28": "Cosa vorresti insinuare?!",
		"280": "E poi l'unità 492-8 disse: \"Chi pensi che sono io, l'unità 472-6?\" AH. AH. AH.",
		"281": "Il mio rendimento di spedizione si è notevolmente ridotto quando un proiettile ha colpito il mio azionatore di movimento.",
		"282": "Questa frase è falsa, vero?",
		"283": "Quindi quella ragazzina punk fa l'inventore, eh? Potrei mostrarle un paio di cose!",
		"284": "Certo, io e {Pirate} siamo amici, ma odio quando il suo pappagallo me la fa addosso. Quella roba è corrosiva!",
		"285": "Ho costruito un meccanismo di assaggio, così posso bere qualche birra!",
		"286": "A volte non mi funziona qualche rotella...",
		"287": "Una spuntatina sul dietro e sui lati, giusto?",
		"288": "Quei colpi di sole fanno davvero risaltare il colore degli occhi!",
		"289": "Ho le mani tutte appiccicose per via di tutta quella cera.",
		"29": "Quel tuo tono non mi piace.",
		"290": "Tè? Caffè? O soltanto aranciata anche stavolta?",
		"291": "Tesoro, dobbiamo sistemare quelle doppie punte.",
		"292": "Tesoro! Sei la mia fonte di pettegolezzi preferita.",
		"293": "Quale dopobarba le interessa, signore?",
		"294": "Si sieda un istante e le farò un taglio da paura.",
		"295": "C'è chi ha stile e chi ne ha bisogno.",
		"296": "Per te credo che farò qualcosa di non troppo impegnativo.",
		"297": "Una volta ho provato a usare un prodotto dei maestri della tintura. Ha bruciato le punte! Un vero disastro!",
		"298": "Oh, tesoro. Vieni... siediti qua. Andrà tutto bene. Sssh.",
		"299": "Guarda che look!",
		"3": "Ho la sensazione che una presenza malvagia mi stia guardando.",
		"30": "Che ci fai qui? Se non sanguini, non devi stare qui. Via.",
		"300": "Salve signore, sono {Stylist}, oggi sarò la sua parrucchiera.",
		"301": "Soltanto una spuntatina? Non è divertente...",
		"302": "Spero che ti piaccia l'acconciatura di {PartyGirl}!",
		"303": "Non posso fare niente per i capelli bruciacchiati di {Demolitionist}. È una causa persa.",
		"304": "La mancia è facoltativa, ma non dimenticare che ho le forbici e la tua testa è nelle mie mani.",
		"305": "A proposito, questo rasoio è affilatissimo.",
		"306": "Tesoro, stanotte è meglio se mi stai alla larga. Ho appena affilato le forbici e sto cercando una scusa per usarle.",
		"307": "Mmm, mi ha detto {PartyGirl} che {Nurse}, l'amica di {Mechanic}, ha speso tutto lo stipendio del fidanzato in scarpe.",
		"308": "Una volta ho messo la parrucca a {Cyborg} soltanto per tagliargli i capelli. Direi che ha apprezzato!",
		"309": "Una volta ho provato ad andare da {Stylist}. Mi ha dato un'occhiata e mi ha detto \"lascia perdere\".",
		"31": "COSA?!",
		"310": "Dovrei proprio andare a farmi i capelli!",
		"311": "Hai provato almeno a pettinarti oggi?",
		"312": "Quindi facciamo un taglio corto. Vuoi anche le basette?",
		"313": "Non ho problemi a togliere i peli da orecchie e sopracciglia, ma non mi chiedete quelli del naso.",
		"314": "Ok, resta qui e non ti muovere. Tornerò a risciacquare il colore tra 25 minuti...",
		"315": "Grazie, tesoro! Ora potrò finalmente sistemarmi i capelli.",
		"316": "Ti avrei tagliato i capelli gratis, ma dovevi venire prima.",
		"317": "Mi hanno detto di non andare in giro con le forbici perché non c'è rischio di restare impigliati nelle regnatele!",
		"318": "Aaah, i miei capelli sono pieni di ragnatele!",
		"319": "Incontriamoci dietro la casa di {Guide} fra circa tre ore, credo di avere qualcosa che ti potrebbe interessare molto.",
		"32": "Hai visto il vecchio che gira intorno alla segreta? Sembra agitato.",
		"320": "{Merchant} non sa apprezzare i buoni affari.",
		"321": "Io vendo soltanto quello che trovo. {Clothier} continua a chiedermi abiti esotici.",
		"322": "Uhm, una statua dell'angelo potrebbe esserti utile! Tagliano, affettano e fanno proprio di tutto!",
		"323": "Non offro rimborsi se l'acquirente ha cambiato idea... e neanche per altri motivi.",
		"324": "Acquistate adesso, spedizione gratuita!",
		"325": "Vendo merce proveniente da luoghi che potrebbero anche non esistere!",
		"326": "Vuoi mezzo centesimo?! Facciamo un quarto e affare fatto!",
		"327": "Una combinazione di narghilè e caffettiera! Fa anche le patatine fritte!",
		"328": "Venite a dare un'occhiata! Pesce fresco! Appena pescato! Pesce fresco!",
		"329": "Se cerchi cianfrusaglie, ti trovi nel posto sbagliato.",
		"33": "Vorrei che {Demolitionist} fosse più attento. Mi sto stancando di dovergli ricucire gli arti ogni giorno.",
		"330": "Un negozio di seconda mano? No, vendo soltanto gli oggetti della migliore qualità sul mercato.",
		"331": "Demolire un cuore cremisi provocherà a volte la caduta di un meteorite dal cielo. I cuori cremisi si possono generalmente trovare negli abissi attorno alle zone di crimtano.",
		"332": "Hai provato a utilizzare la polvere purificatrice sulla pietra cremisi del Cremisi?",
		"333": "Devi purificare il mondo da questo cremisi.",
		"334": "Pss! Forse ho un lavoro adatto a te. Non potrai rifiutare!",
		"335": "Voglio del pesce e tu andrai a cercarlo! Parliamone!",
		"336": "Ehi! Cercavo proprio una cavia... ehm cioè, una persona esperta di pesca come te!",
		"337": "{Angler} vuole il tuo aiuto per certe commissioni a {WorldName}!",
		"338": "Come?! Non hai notato che sto riavvolgendo la lenza?",
		"339": "Ho abbastanza pesce! In questo momento non mi serve il tuo aiuto!",
		"34": "Ehi, {ArmsDealer} ha detto di dover andare dal dottore per qualche ragione? Così, per sapere.",
		"340": "Non ci sono chef a {WorldName}, quindi tocca a me cucinare tutto questo pesce!",
		"341": "Ehi! Fai attenzione! Sto preparando delle trappole per una burla pazzesca! Nessuno se l'aspetterà! Mi raccomando, non andare in giro a raccontarlo!",
		"342": "Dammi retta: non leccare mai un pezzo di ghiaccio! Anzi, no! Fai come se non te l'avessi detto. Provaci, dai!",
		"343": "Hai mai sentito parlare di un pesce che abbaia? Io no, però chiedevo a te!",
		"344": "{WorldName} ha un sacco di pesci esotici!",
		"345": "Che delusione! Probabilmente alcuni pesci si sono estinti prima della mia nascita. Non è giusto!",
		"346": "Non ho la mamma né il papà, però ho un sacco di pesce! Quindi fa lo stesso!",
		"347": "Eh eh, avresti dovuto vedere l'espressione di {Dryad} quando ho messo quel dente di piraña sulla sedia!",
		"348": "Ho una richiesta per te! No, non mi interessa se in questo momento c'è un'apocalisse di zombie!",
		"349": "Sbrigati e ascolta! Devi prendere qualcosa per me!",
		"35": "Devo parlare seriamente con {Guide}. Quante volte a settimana si può venire qui con gravi ustioni da lava?",
		"350": "Odio le Lune di Sangue! Di notte non dormo per colpa di tutti quei rumori spaventosi!",
		"351": "Quando c'è la luna di sangue è meglio non pescare! I pesci mordono, certo, ma gli zombie fanno di peggio!",
		"352": "C'è in giro un'infinità di mostri!",
		"353": "Beh, grazie per il salvataggio. Come aiutante non saresti affatto male!",
		"354": "Che vuoi? Chi ti credi di essere? Non stavo mica affogando!",
		"355": "Mi hai salvato! Sei davvero gentile, potrei usarti... ehm, cioè, potrei assumerti per fare delle cose pazzesche!",
		"356": "Ti avanza qualche osso? Sto cercando di sostituire la mia anca rotta... di nuovo.",
		"357": "Ottimo! Finalmente è venuto qualcuno a prendersi questi vermi.",
		"358": "Non ci sono malattie o condizioni che non possano essere curate con un po' del mio olio di slime! Fidati, funziona, guarda come sono in forma io!",
		"359": "Hai un bel coraggio a venire qua, ma che ne dici di comprare qualcosa?",
		"36": "Penso che tu stia meglio così.",
		"360": "Non hai idea di quanta roba mi tira la gente... Vuoi comprarne un po'?",
		"361": "Ti darei una mano, ma l'ultima volta che l'ho fatto non me l'hanno restituita per un mese.",
		"362": "Non ti avvicinare ai ragni. Ti risucchieranno le viscere e lasceranno un guscio vuoto. Devi credermi.",
		"363": "Le uniche cose costanti in questo mondo sono la morte e le tasse, e io le ho entrambe!",
		"364": "Di nuovo tu? Che vuoi, altri soldi?!",
		"365": "Perché da queste parti tutti aprono e chiudono le porte facendo così tanto rumore?",
		"366": "Vedo che non hai da fare, come sempre. Non immagino che cosa potrebbe fare la gente come te.",
		"367": "Evviva! Ti darò la tua parte tra poco. Dovresti essere un po' più paziente visto che sono io a fare tutto il lavoro.",
		"368": "Che cosa bisogna fare per essere lasciati in pace? Vai a infastidire qualcun altro che abbia meno impegni!",
		"369": "...Due barili di molassa più... Oh, non fa niente. Sei qui. Ecco i tuoi soldi.",
		"37": "Ehm... Che ti è successo alla faccia?",
		"370": "Detto tra noi... Non so perché si preoccupano di pagare l'affitto.",
		"371": "Ho provato a farmi pagare da {Dryad}, ora ho funghi che mi crescono da tutte le parti.",
		"372": "Vai a dire a {ArmsDealer} di smettere di pagarmi in munizioni, visto che non possiedo nemmeno una pistola.",
		"373": "Proveresti tu a raccogliere soldi da {Demolitionist} senza perdere una mano o un piede?",
		"374": "Ho appena visto {Merchant}. Voleva sapere se accetto carte di credito.",
		"38": "SANTO CIELO! Sono in gamba, ma non fino a questo punto.",
		"380": "Ecco la tua parte di tasse che ho preso dalla nostra popolazione in eccedenza!",
		"381": "Eccoti di nuovo, a prendere tutte le mie monete! Prendile e sparisci dalla mia vista!",
		"382": "Bah! Tieni, prenditi i soldi e togliti dai piedi!",
		"383": "Questo è tutto quello che ti darò, neanche un centesimo in più. Prendi e non scialacquare.",
		"39": "Cari amici, siamo qui riuniti, oggi, per congedarci... Oh, ti riprenderai.",
		"390": "...E la gente dice che sono avido? No, non ho altro per te.",
		"391": "Ma per cosa mi hai preso, per una banca? Ogni volta che mi vedi chiedi soldi.",
		"392": "Non la smetti mai di dire \"ciao\"?",
		"393": "Bah! Di nuovo tu? Hai già arraffato le mie monete pochi istanti fa, quindi sparisci e torna più tardi!",
		"394": "Ti ho appena dato del denaro cinque minuti fa! Smamma!",
		"395": "Di nuovo qui a riscuotere?! E poi dicono che quello avido sono io.",
		"396": "Hai appena ricevuto la tua paga e non ti darò un centesimo di più. Vattene!",
		"397": "I soldi non crescono sugli alberi, quindi non venire a raccogliere da me! Bah!",
		"398": "Hai già speso tutto quello che ti ho dato? Bah! Non faccio beneficenza, vai a uccidere uno slime!",
		"399": "Vacci piano! Hai i soldi, ora vattene!",
		"4": "Spada batte carta! Prendine una oggi.",
		"40": "Hai lasciato il braccio laggiù. Te lo porto io...",
		"400": "Già implori?! Non guardarmi sperando che io cambi idea da un momento all'altro!",
		"401": "Ricordati di demolire ogni altare cremisi che trovi. Se lo farai, ti succederà qualcosa di bello!",
		"402": "Gli altari cremisi si trovano generalmente nel Cremisi. Dovrai trovarti nei pressi degli altari per fabbricare oggetti.",
		"403": "Puoi creare una spina dorsale insanguinata usando le vertebre. Cerca di trovarti in una zona di crimtano prima di utilizzarla.",
		"41": "Smettila di piagnucolare! Ho visto di peggio.",
		"42": "Serviranno dei punti!",
		"43": "Di nuovo problemi con quei bulli?",
		"44": "Aspetta, ho i cerotti con i personaggi dei cartoni animati da qualche parte.",
		"45": "Cammina, {PlayerName}, non è niente. Tsz.",
		"46": "Ti fa male quando lo fai? Allora non farlo.",
		"47": "Sembri sul punto di vomitare. Hai di nuovo inseguito slime?",
		"48": "Gira la testa e tossisci.",
		"49": "Non è la ferita più grande che abbia mai visto... Ne ho viste certamente di più grandi.",
		"5": "Vuoi mele? Carote? Ananas? Abbiamo delle torce.",
		"50": "Vuoi un lecca-lecca?",
		"51": "Dimmi dove ti fa male.",
		"52": "Scusa, ma per te costo troppo.",
		"53": "Avrò bisogno di più soldi.",
		"54": "Sai che non lavoro gratis.",
		"55": "Il lieto fine non è il mio forte.",
		"56": "Non posso fare più nulla per te senza chirurgia plastica.",
		"57": "Smettila di sprecare il mio tempo.",
		"58": "Ho sentito che c'è una bambola molto simile a {Guide} negli Inferi. Vorrei usarla per il tiro al bersaglio.",
		"59": "Veloce! Ho un appuntamento con {Nurse} tra un'ora.",
		"6": "Bella mattina, no? C'era qualcosa di cui avevi bisogno?",
		"60": "Voglio quello che vende {Nurse}. In che senso, non vende niente?",
		"61": "{Dryad} è uno spettacolo. Peccato sia così bigotta.",
		"62": "Lascia stare {Demolitionist}, qui ho tutto ciò che ti serve.",
		"63": "Che diavolo vuole {Demolitionist}? Almeno lo sa che vendiamo oggetti diversi?",
		"64": "Beh, è una bella serata per non parlare con nessuno, non credi,  {PlayerName}?",
		"65": "Mi piacciono le notti come questa. Non mancano mai cose da uccidere!",
		"66": "Vedo che stai adocchiando il Minishark... Meglio che non ti dica di cosa è fatto.",
		"67": "Ehi, questo non è un film. Le munizioni sono extra.",
		"68": "Giù le mani dalla mia pistola!",
		"69": "Hai provato a utilizzare la polvere purificatrice sulla pietra d'ebano della Corruzione?",
		"7": "Presto si farà notte. Fai le tue scelte finché puoi.",
		"70": "Vorrei che {ArmsDealer} la smettesse di farmi il filo. Non sa che ho 500 anni?",
		"71": "Perché {Merchant} continua a cercare di vendermi statue dell'angelo? Lo sanno tutti che non servono a nulla.",
		"72": "Hai visto il vecchio che gira intorno al dungeon? Non ha una bella cera...",
		"73": "Vendo quello che mi pare! Se non ti piace, pazienza.",
		"74": "Perché devi essere così conflittuale in un momento come questo?",
		"75": "Non voglio che tu compri la mia roba. Voglio che tu desideri comprarla, ok?",
		"76": "Senti, sbaglio o stanotte ci sono tipo un milione di zombie in giro?",
		"77": "Devi purificare il mondo da questa corruzione.",
		"78": "Fai attenzione: Terraria ha bisogno di te!",
		"79": "Il tempo vola e tu, ahimé, non stai invecchiando molto bene.",
		"8": "Non immagini quanti blocchi di terra si vendono oltreoceano.",
		"80": "Cos'è questa storia di me che abbaio, ma non mordo?",
		"81": "Due goblin entrano in un bar e uno dice all'altro: \"Vuoi un calice di birra?!\"",
		"82": "Non posso farti entrare finché non mi libererai dalla maledizione.",
		"83": "Torna di notte se vuoi entrare.",
		"84": "Il mio padrone non può essere evocato di giorno.",
		"85": "Sei decisamente troppo debole per sconfiggere la mia maledizione. Torna quando servirai a qualcosa.",
		"86": "Tu, pazzo patetico. Non puoi sperare di affrontare il mio padrone in queste condizioni.",
		"87": "Spero che tu abbia almeno sei amici che ti coprano le spalle.",
		"88": "No, ti prego. Finirai per farti ammazzare.",
		"89": "Potresti essere abbastanza forte da liberarmi dalla mia maledizione...",
		"9": "Ah, un giorno racconteranno storie di {PlayerName}... Belle storie ovviamente.",
		"90": "Hai la forza di sconfiggere il mio padrone?",
		"91": "Ti prego! Sconfiggi chi mi tiene prigioniero e liberami, ti supplico!",
		"92": "Sconfiggi il mio padrone e ti farò entrare nel dungeon.",
		"93": "Stai provando a superare quella pietra d'ebano, eh? Perché non metterci uno di questi esplosivi?!",
		"94": "Ehi, hai visto un clown in giro?",
		"95": "C'era una bomba qui e ora non riesco a trovarla...",
		"96": "Ho qualcosa per quegli zombie, altroché!",
		"97": "Persino {ArmsDealer} vuole ciò che sto vendendo!",
		"98": "Preferisci avere un buco da proiettile o da granata? ...Ecco, lo immaginavo.",
		"99": "{Nurse} ti aiuterà sicuramente se dovessi perdere un arto."
	},
	"LegacyMenu": {
		"0": "Crea una nuova istanza di Terraria!",
		"100": "Sfondo: sì",
		"101": "Sfondo: no",
		"102": "Seleziona lingua",
		"103": "Lingua",
		"104": "Sì",
		"105": "No",
		"106": "Alterna stile mappa",
		"107": "Alterna schermo intero",
		"108": "Avvicina",
		"109": "Allontana",
		"10": "Carica backup",
		"110": "Riduce trasparenza",
		"111": "Aumenta trasparenza",
		"112": "Mappa attiva",
		"113": "Mappa disattivata",
		"114": "Generale",
		"115": "Comandi mappa",
		"116": "Illuminazione multicore:",
		"117": "No",
		"118": "Chiudi menu",
		"11": "Nessun backup trovato",
		"120": "Cursore automatico",
		"121": "Modalità cursore automatico: alterna",
		"122": "Modalità cursore automatico: mantieni",
		"123": "Barra di progresso evento",
		"124": "No",
		"125": "A tempo",
		"126": "Sì",
		"127": "Stile",
		"128": "Anteprima posizionamento: sì",
		"129": "Anteprima posizionamento: no",
		"12": "Giocatore singolo",
		"130": "Cavalcatura",
		"131": "Obiettivi",
		"132": "Sangue e violenza: sì",
		"133": "Sangue e violenza: no",
		"134": "Applica",
		"135": "Impostazioni server",
		"136": "Multigiocatore Steam: disattivato",
		"137": "Multigiocatore Steam: attivato",
		"138": "Utenti ammessi: solo invito",
		"139": "Utenti ammessi: amici",
		"13": "Multigiocatore",
		"140": "Invito amici: no",
		"141": "Invito amici: sì",
		"142": "Ammetti amici di amici: no",
		"143": "Ammetti amici di amici: sì",
		"144": "Avvia",
		"145": "Unisciti tramite Steam",
		"146": "Unisciti tramite IP",
		"147": "Invita amici",
		"148": "Su",
		"149": "Giù",
		"14": "Impostazioni",
		"150": "Sinistra",
		"151": "Destra",
		"152": "Salta",
		"153": "Lancia",
		"154": "Inventario",
		"155": "Afferra",
		"156": "Mana rapido",
		"157": "Bonus rapido",
		"158": "Cavalcatura rapida",
		"159": "Cura rapida",
		"15": "Esci",
		"160": "Selezione automatica",
		"161": "Cursore automatico",
		"162": "Usa oggetti",
		"163": "Interagisci",
		"164": "Comandi di gioco",
		"165": "Comandi mappa",
		"166": "Comandi barra oggetti",
		"167": "Impostazioni gamepad",
		"168": "Avvicina",
		"169": "Allontana",
		"16": "Crea personaggio",
		"170": "Aumenta trasparenza",
		"171": "Riduce trasparenza",
		"172": "Alterna stile mappa",
		"173": "Alterna mappa completa",
		"174": "Passa a sinistra",
		"175": "Passa a destra",
		"176": "Barra oggetti 1",
		"177": "Barra oggetti 2",
		"178": "Barra oggetti 3",
		"179": "Barra oggetti 4",
		"17": "Elimina",
		"180": "Barra oggetti 5",
		"181": "Barra oggetti 6",
		"182": "Barra oggetti 7",
		"183": "Barra oggetti 8",
		"184": "Barra oggetti 9",
		"185": "Barra oggetti 10",
		"186": "Marchio rapido 1",
		"187": "Marchio rapido 2",
		"188": "Marchio rapido 3",
		"189": "Marchio rapido 4",
		"18": "Capelli",
		"190": "Barra oggetti radiale",
		"191": "Allinea cursore su",
		"192": "Allinea cursore destra",
		"193": "Allinea cursore giù",
		"194": "Allinea cursore sinistra",
		"195": "<Non assegnato>",
		"196": "Allinea cursore tasto direzionale",
		"197": "Barra oggetti tasto direzionale",
		"198": "Impostazioni avanzate gamepad",
		"199": "Zona morta grilletti",
		"19": "Occhi",
		"1": "Esecuzione su porta",
		"200": "Zona morta cursori",
		"201": "Zona morta levetta sinistra X",
		"202": "Zona morta levetta sinistra Y",
		"203": "Zona morta levetta destra X",
		"204": "Zona morta levetta destra Y",
		"205": "Inverti levetta sinistra orizzontalmente",
		"206": "Inverti levetta sinistra verticalmente",
		"207": "Inverti levetta destra orizzontalmente",
		"208": "Inverti levetta destra verticalmente",
		"209": "Utilizza",
		"20": "Carnagione",
		"210": "Interfaccia",
		"211": "Password: visibili",
		"212": "Password: nascoste",
		"213": "Priorità cursore automatico: Piccone -> Ascia",
		"214": "Priorità cursore automatico: Ascia -> Piccone",
		"215": "Posizionamento blocco automatico: cursore",
		"216": "Posizionamento blocco automatico: riempimento",
		"217": "Colore bordo",
		"218": "Cursore",
		"219": "Comandi",
		"21": "Abiti",
		"220": "Attiva bonus set: su",
		"221": "Attiva bonus set: giù",
		"222": "Abbinamento tasti",
		"223": "Getta subito con Maiusc sx: sì",
		"224": "Getta subito con Maiusc sx: no",
		"225": "Sostituisci subito muro: sì",
		"226": "Sostituisci subito muro: no",
		"227": "Attesa visualizzazione menu radiale da barra oggetti: sì",
		"228": "Attesa visualizzazione menu radiale da barra oggetti: no",
		"229": "Griglia mattonelle: sì",
		"22": "Maschio",
		"230": "Griglia mattonelle: no",
		"231": "Aggancio",
		"232": "Priorità aggancio: selezione bersaglio",
		"233": "Priorità aggancio: bersaglio più vicino",
		"234": "Priorità aggancio: linea libera",
		"235": "abc / ABC / !@#",
		"236": "Indietro",
		"237": "Invio",
		"238": "Spazio",
		"239": "<-",
		"23": "Femmina",
		"240": "->",
		"241": "Istruzioni gamepad: no",
		"242": "Istruzioni gamepad: sì",
		"243": "Comandi menu",
		"244": "Barra rapida radiale",
		"245": "Finestra senza bordo: attivata",
		"246": "Finestra senza bordo: disattivata",
		"247": "Salta fotogrammi: no",
		"248": "Salta fotogrammi: sì",
		"249": "Salta fotogrammi: minimo",
		"24": "Difficile",
		"250": "Tremolio minatore: attivo",
		"251": "Tremolio minatore: disattivato",
		"252": "Ritardo movimento interfaccia",
		"25": "Medio",
		"26": "Facile",
		"27": "Casuale",
		"28": "Crea",
		"29": "I personaggi difficili muoiono permanentemente",
		"2": "Disconnetti",
		"30": "I personaggi medi rilasciano oggetti quando muoiono",
		"31": "I personaggi facili rilasciano soldi quando muoiono",
		"32": "Livello di difficoltà",
		"33": "Camicia",
		"34": "Maglietta",
		"35": "Pantaloni",
		"36": "Scarpe",
		"37": "Capelli",
		"38": "Colore capelli",
		"39": "Colore occhi",
		"3": "Il server richiede password:",
		"40": "Colore pelle",
		"41": "Colore camicia",
		"42": "Colore maglietta",
		"43": "Colore pantaloni",
		"44": "Colore scarpe",
		"45": "Inserisci nome personaggio:",
		"46": "Elimina",
		"47": "Crea mondo",
		"48": "Inserisci nome mondo:",
		"49": "Seleziona modalità finestra",
		"4": "Accetta",
		"50": "Seleziona modalità schermo intero",
		"51": "Risoluzione",
		"52": "Parallasse",
		"53": "Salta fotogrammi: no",
		"54": "Salta fotogrammi: sì",
		"55": "Illuminazione: colore",
		"56": "Illuminazione: bianco",
		"57": "Illuminazione: rétro",
		"58": "Illuminazione: psichedelica",
		"59": "Qualità: automatica",
		"5": "Indietro",
		"60": "Qualità: alta",
		"61": "Qualità: media",
		"62": "Qualità: bassa",
		"63": "Video",
		"64": "Colore cursore",
		"65": "Volume",
		"66": "Comandi",
		"67": "Salvataggio automatico: sì",
		"68": "Salvataggio automatico: no",
		"69": "Pausa automatica: sì",
		"6": "Annulla",
		"70": "Pausa automatica: no",
		"71": "Testo di collegamento: sì",
		"72": "Testo di collegamento: no",
		"73": "Risoluzione schermo intero",
		"74": "Su",
		"75": "Giù",
		"76": "Sinistra",
		"77": "Destra",
		"78": "Salta",
		"79": "Lancia",
		"7": "Inserisci password server:",
		"80": "Inventario",
		"81": "Cura rapida",
		"82": "Mana rapido      ",
		"83": "Bonus rapido",
		"84": "Afferra",
		"85": "Selezione automatica",
		"86": "Ripristina predefinito",
		"87": "Partecipa",
		"88": "Ospita e gioca",
		"89": "Inserisci indirizzo IP:",
		"8": "Avvio server...",
		"90": "Inserisci porta server:",
		"91": "Scegli grandezza mondo:",
		"92": "Piccolo",
		"93": "Medio",
		"94": "Grande",
		"95": "Rosso:",
		"96": "Verde:",
		"97": "Blu:",
		"98": "Audio:",
		"99": "Musica:",
		"9": "Caricamento non riuscito!",
		"119": "Ambiente:"
	},
	"LegacyTooltip": {
		"0": "Equipaggiato nello slot estetico",
		"10": "Bassa velocità",
		"11": "Velocità molto bassa",
		"12": "Velocità extra bassa",
		"13": "Velocità lumaca",
		"14": "Nessuno spintone",
		"15": "Spintone extra debole",
		"16": "Spintone molto debole",
		"17": "Spintone debole",
		"18": "Spintone medio",
		"19": "Spintone forte",
		"1": "Nessun parametro incrementato",
		"20": "Spintone molto forte",
		"21": "Spintone extra forte",
		"22": "Spintone matto",
		"23": "Equipaggiabili",
		"24": "Oggetti di estetica",
		"25": " difesa",
		"26": "% potenza piccone",
		"27": "% potenza ascia",
		"28": "% potenza martello",
		"29": "Risana",
		"2": " Danno da mischia",
		"30": "vita",
		"31": "mana",
		"32": "Utilizza",
		"33": "Può essere posizionato",
		"34": "Munizioni",
		"35": "Consumabile",
		"36": "Materiale",
		"37": " min. di durata",
		"38": " sec. di durata",
		"39": "% danno",
		"3": " Danno boomerang",
		"40": "% velocità",
		"41": "% possibilità colpo critico",
		"42": "% costo mana",
		"43": "% dimensione",
		"44": "% velocità",
		"45": "% spintone",
		"46": "% velocità movimento",
		"47": "% velocità corpo a corpo",
		"48": "Imposta bonus:",
		"49": "Prezzo di vendita:",
		"4": " danno magico",
		"50": "Prezzo di acquisto:",
		"51": "Nessun prezzo",
		"52": "Consuma",
		"53": " danno da evocazione",
		"54": " portata",
		"55": " danno",
		"56": "Indicato come preferito",
		"57": "Getta subito, accumula e vendi bloccati",
		"58": " danno da lancio",
		"59": "Maledetto da una potente creatura della giungla",
		"5": "% possibilità colpo critico",
		"6": "Velocità matta",
		"7": "Extra velocità",
		"8": "Alta velocità",
		"9": "Media velocità"
	},
	"LegacyMultiplayer": {
		"10": "Non sei in un gruppo!",
		"11": "{0} ha attivato il PvP!",
		"12": "{0} ha disattivato il PvP!",
		"13": "{0} non è più in un gruppo.",
		"14": "{0} si è unito al gruppo rosso.",
		"15": "{0} si è unito al gruppo verde.",
		"16": "{0} si è unito al gruppo blu.",
		"17": "{0} si è unito al gruppo giallo.",
		"18": "Benvenuto a",
		"19": "{0} si è unito.",
		"1": "Password errata.",
		"20": "{0} ha abbandonato.",
		"21": "/giocatori",
		"22": "{0} si è unito al gruppo rosa.",
		"2": "Operazione non valida in questo stato.",
		"3": "Sei stato sospeso da questo server",
		"4": "Non stai utilizzando la stessa versione del server.",
		"5": "è già su questo server.",
		"6": "/gioca",
		"7": "Giocatori correnti:",
		"8": "/numero",
		"9": "numero",
		"0": "Ricevi:"
	},
	"LegacyMisc": {
		"0": "Un esercito dei goblin è stato sconfitto!",
		"100": "Scegli il male del mondo",
		"101": "Corruzione",
		"102": "Cremisi",
		"103": "Casuale",
		"10": "Un freddo terribile ti attraversa la spina dorsale...",
		"11": "Intorno a te echeggiano urla...",
		"12": "Il tuo mondo si è arricchito di cobalto!",
		"13": "Il tuo mondo si è arricchito di mitrilio!",
		"14": "Il tuo mondo si è arricchito di adamantio!",
		"15": "I vecchi spiriti di luce e tenebre sono stati liberati.",
		"19": "{0} è stato ucciso...",
		"1": "L'esercito dei goblin si sta avvicinando da ovest!",
		"20": "C'è un'eclissi solare!",
		"21": "Il tuo mondo si è arricchito di palladio!",
		"22": "Il tuo mondo si è arricchito di oricalco!",
		"23": "Il tuo mondo si è arricchito di titanio!",
		"24": "I pirati sono stati sconfitti!",
		"25": "I pirati arrivano da ovest!",
		"26": "I pirati arrivano da est!",
		"27": "I pirati sono arrivati!",
		"28": "Senti delle vibrazioni sotterranee...",
		"29": "Questa notte sarà terribile...",
		"2": "L'esercito dei goblin si sta avvicinando da est!",
		"30": "L'aria intorno a te sta rinfrescando...",
		"31": "La luna a zucca sta sorgendo...",
		"32": "La giungla è in subbuglio...",
		"33": "Le urla riecheggiano dal dungeon...",
		"34": "La luna del gelo sta sorgendo...",
		"35": "{0} non è più qui!",
		"36": "{0} ha abbandonato!",
		"37": "Qualsiasi",
		"38": "Piastra a pressione",
		"39": " e rigenerazione vita aumentata",
		"3": "Un esercito di goblin è arrivato!",
		"40": "Aumenta la rigenerazione vita",
		"41": "I marziani stanno invadendo!",
		"42": "I marziani sono stati sconfitti!",
		"43": "Le creature celestiali stanno invadendo!",
		"44": "Non capisci più niente...",
		"45": "Il dolore si fa schiacciante...",
		"46": "Delle voci soprannaturali ti tormentano...",
		"47": "Il Signore della Luna si è svegliato!",
		"48": "I Gemelli si sono svegliati!",
		"49": "Ti risvegli da uno strano sogno...",
		"4": "La Legione gelo è stata sconfitta!",
		"50": "è stato sconfitto!",
		"51": "Frammento lunare",
		"52": "Il fato imminente si avvicina...",
		"53": "Seleziona",
		"54": "Prendi",
		"55": "Prendi uno",
		"56": "Chiudi",
		"57": "Afferra",
		"58": "Salta",
		"59": "Alterna oggetti",
		"5": "La Legione gelo si sta avvicinando da ovest!",
		"60": "Attacca",
		"61": "Costruisci",
		"62": "Bevi",
		"63": "Azione",
		"64": "Cambia menu",
		"65": "Posiziona",
		"66": "Scambia",
		"67": "Equipaggia",
		"68": "Rimuovi",
		"69": "Mostra bandiere stanza",
		"6": "La Legione gelo si sta avvicinando da est!",
		"70": "Controlla alloggio",
		"71": "Creazione rapida",
		"72": "Crea",
		"73": "Seleziona",
		"74": "Rifiuti",
		"75": "Vendi",
		"76": "Trasferisci",
		"77": "Mostra",
		"78": "Nascondi",
		"79": "Usa",
		"7": "La Legione gelo è arrivata!",
		"80": "Parla",
		"81": "Leggi",
		"82": "Indietro",
		"83": "Preferito",
		"84": "Non puoi cambiare squadre nei blocchi della tua squadra!",
		"85": "Cimice",
		"86": "Anatra",
		"87": "Farfalla",
		"88": "Lucciola",
		"89": "Interazione cavi",
		"8": "La Luna di Sangue sta sorgendo...",
		"90": "Compra",
		"91": "Compra di più",
		"92": "Vendi",
		"93": "Fabbrica di più",
		"94": "Prova a rimuovere",
		"95": "Chiocciola",
		"96": "Sembra che",
		"97": " stia organizzando una festa",
		"98": " stiano organizzando una festa",
		"99": "Fine della festa!",
		"9": "Senti una presenza malvagia che ti sta guardando...",
		"104": "Non si può usare senza mana eteriano finché il cristallo di Eternia viene difeso"
	},
	"LegacyInterface": {
		"0": "Vita:",
		"100": "Numero di creature",
		"101": "Numero di uccisioni",
		"102": "Fase lunare",
		"103": "Velocità movimento",
		"104": "Tesoro",
		"105": "Creature rare",
		"106": "Danni al secondo",
		"107": "Piante strane",
		"108": "Apri mappa",
		"109": "Chiudi mappa",
		"10": "Difesa",
		"110": "Apri cartella",
		"111": "Cattura immagine",
		"112": "Devi impostare un'inquadratura",
		"113": "Disponibile solo in modalità Finestra",
		"114": "Disposizione solo se la mappa è attiva",
		"115": "Modalità telecamera disattivata",
		"116": "Evidenzia nuovi oggetti: no",
		"117": "Evidenzia nuovi oggetti: sì",
		"118": "Avvicina",
		"119": "Allontana",
		"11": "Estetico",
		"120": "Teletrasportati verso un alleato",
		"121": "Lascia oggetto",
		"122": "Organizza oggetti",
		"123": "Clima freddo",
		"12": "Casco",
		"13": "Camicia",
		"14": "Pantaloni",
		"15": "platino",
		"16": "oro",
		"17": "argento",
		"18": "rame",
		"19": "Riforgiare",
		"1": "Respiro",
		"20": "Posiziona qui un oggetto per riforgiarlo",
		"21": "Mostra ricette che usano",
		"22": "Oggetti richiesti:",
		"23": "Nessuno",
		"24": "Posiziona un materiale qui",
		"25": "Creazione oggetti",
		"26": "Monete",
		"27": "Munizioni",
		"28": "Negozio",
		"29": "Saccheggia tutto",
		"2": "Mana",
		"30": "Deposita tutto",
		"31": "Accumula subito",
		"32": "Salvadanaio",
		"33": "Caveau",
		"34": "Tempo",
		"35": "Salva ed esci",
		"36": "Disconnetti",
		"37": "Oggetti",
		"38": "Sei morto...",
		"39": "Questo alloggio è adatto.",
		"3": "Cestino",
		"40": "Questo alloggio non è valido.",
		"41": "Questo alloggio è già occupato.",
		"42": "Questo alloggio è corrotto.",
		"43": "Connessione scaduta",
		"44": "Ricezione dati in cascata",
		"45": "Equipaggia",
		"46": "Costo",
		"47": "Salva",
		"48": "Modifica",
		"49": "Stato",
		"4": "Inventario",
		"50": "Maledizione",
		"51": "Aiuto",
		"52": "Chiudi",
		"53": "Acqua",
		"54": "Guarire",
		"55": "Questo alloggio non soddisfa i requisiti per aggiungere",
		"56": "Lava",
		"57": "Tingere",
		"58": "Miele",
		"59": "Visibile",
		"5": "Barra oggetti sbloccata",
		"60": "Nascosto",
		"61": "Rinomina",
		"62": "Impostazioni",
		"63": "Annulla",
		"64": "Missione",
		"65": "Oggetto missione",
		"66": "Risparmi",
		"67": "Cattura istantanea",
		"68": "Impostazioni",
		"69": "Ferma inquadratura",
		"6": "Barra oggetti bloccata",
		"70": "Imposta inquadratura",
		"71": "Chiudi",
		"72": "Sì",
		"73": "No",
		"74": "Compressione immagine",
		"75": "Immagine entità",
		"76": "Immagine sfondo",
		"77": "Scelta bioma",
		"78": "Reimposta inquadratura",
		"79": "Equipaggiamento",
		"7": "Alloggio",
		"80": "Alloggio",
		"81": "Modalità telecamera",
		"82": "Rifornisci",
		"83": "Luna del gelo",
		"84": "Luna a zucca",
		"85": "Follia marziana",
		"86": "Invasione pirata",
		"87": "Legione del gelo",
		"88": "Esercito goblin",
		"89": "Raccogli",
		"8": "Valutazione alloggio",
		"90": "Rampino",
		"91": "Cavalcatura",
		"92": "Mascotte",
		"93": "Carrello",
		"94": "Mascotte di luce",
		"95": "Tempo",
		"96": "Clima",
		"97": "Pesca",
		"98": "Posizione",
		"99": "Profondità",
		"9": "Accessorio"
	},
	"LegacyChestType": {
		"0": "Cassa",
		"10": "Cassa di edera",
		"11": "Cassa di ghiaccio",
		"12": "Cassa di legno vivo",
		"13": "Cassa celeste",
		"14": "Cassa di grigiolegno",
		"15": "Cassa coperta di ragnatele",
		"16": "Cassa rettiliana",
		"17": "Cassa di acqua",
		"18": "Cassa della giungla",
		"19": "Cassa della corruzione",
		"1": "Cassa d'oro",
		"20": "Cassa cremisi",
		"21": "Cassa consacrata",
		"22": "Cassa congelata",
		"23": "Cassa della giungla chiusa",
		"24": "Cassa della corruzione chiusa",
		"25": "Cassa cremisi chiusa",
		"26": "Cassa consacrata chiusa",
		"27": "Cassa congelata chiusa",
		"28": "Cassa dinastica",
		"29": "Cassa di miele",
		"2": "Cassa d'oro chiusa",
		"30": "Cassa steampunk",
		"31": "Cassa di legno di palma",
		"32": "Cassa a fungo",
		"33": "Cassa di legno boreale",
		"34": "Cassa slime",
		"35": "Cassa verde da dungeon",
		"36": "Cassa verde da dungeon chiusa",
		"37": "Cassa rosa da dungeon",
		"38": "Cassa rosa da dungeon chiusa",
		"39": "Cassa blu da dungeon",
		"3": "Cassa ombra",
		"40": "Cassa blu da dungeon chiusa",
		"41": "Cassa di ossa",
		"42": "Cassa di cactus",
		"43": "Cassa di carne",
		"44": "Cassa di ossidiana",
		"45": "Cassa di zucca",
		"46": "Cassa spettrale",
		"47": "Cassa di vetro",
		"48": "Cassa marziana",
		"49": "Cassa di meteorite",
		"4": "Cassa ombra bloccata",
		"50": "Cassa di granito",
		"51": "Cassa di marmo",
		"5": "Barile",
		"6": "Cestino",
		"7": "Cassa di ebano",
		"8": "Cassa di mogano scuro",
		"9": "Cassa di legno perlato"
	},
	"LegacyDresserType": {
		"0": "Cassettone",
		"10": "Cassettone di ossa",
		"11": "Cassettone di cactus",
		"12": "Cassettone spettrale",
		"13": "Cassettone celeste",
		"14": "Cassettone di miele",
		"15": "Cassettone rettiliano",
		"16": "Cassettone di legno di palma",
		"17": "Cassettone a fungo",
		"18": "Cassettone di legno boreale",
		"19": "Cassettone slime",
		"1": "Cassettone di ebano",
		"20": "Cassettone di zucca",
		"21": "Cassettone steampunk",
		"22": "Cassettone di vetro",
		"23": "Cassettone di carne",
		"24": "Cassettone marziano",
		"25": "Cassettone di meteorite",
		"26": "Cassettone di granito",
		"27": "Cassettone di marmo",
		"2": "Cassettone di mogano scuro",
		"3": "Cassettone di legno perlato",
		"4": "Cassettone di grigiolegno",
		"5": "Cassettone blu da dungeon",
		"6": "Cassettone verde da dungeon",
		"7": "Cassettone rosa da dungeon",
		"8": "Cassettone dorato",
		"9": "Cassettone di ossidiana",
		"28": "{$ItemName.CrystalDresser}",
		"29": "{$ItemName.DynastyDresser}",
		"30": "{$ItemName.FrozenDresser}",
		"31": "{$ItemName.LivingWoodDresser}"
	},
	"LegacyChestType2": {
		"0": "Cassa di cristallo",
		"1": "Cassa dorata"
	}
}