{
	"ProjectileName": {
		"AdamantiteChainsaw": "Motosega di adamantio",
		"AdamantiteDrill": "Perforatrice di adamantio",
		"AdamantiteGlaive": "Alabarda di adamantio",
		"Amarok": "Yo-yo",
		"AmberBolt": "Saetta di ambra",
		"AmethystBolt": "Saetta di ametista",
		"Anchor": "Ancora",
		"AncientDoomProjectile": "Fine della profezia",
		"AntiGravityHook": "Uncino anti-gravità",
		"Arkhalis": "Arkhalis",
		"AshBallFalling": "Palla di cenere",
		"BabyDino": "Dinosauro piccolo",
		"BabyEater": "Mangiatore piccolo",
		"BabyFaceMonster": "Mostro bambino",
		"BabyGrinch": "Grinch piccolo",
		"BabyHornet": "Calabrone piccolo",
		"BabySkeletronHead": "Testa di Skeletron piccolo",
		"BabySlime": "Slime piccolo",
		"BabySnowman": "Pupazzo di neve piccolo",
		"BabySpider": "Ragnetto",
		"BallofFire": "Palla di fuoco",
		"BallofFrost": "Palla di gelo",
		"BallOHurt": "Palla del dolore",
		"Bananarang": "Bananarang",
		"Bat": "Pipistrello",
		"BatHook": "Uncino pipistrello",
		"BeachBall": "Palla da spiaggia",
		"Bee": "Ape",
		"BeeArrow": "Freccia ape",
		"BeeHive": "Alveare",
		"Beenade": "Apebomba",
		"BlackBolt": "Blaster di onice",
		"BlackCat": "Gatto nero",
		"BlackCounterweight": "Contrappeso",
		"Blizzard": "Bufera",
		"BloodCloudMoving": "Nuvola di sangue",
		"BloodCloudRaining": "Nuvola di sangue",
		"BloodRain": "Pioggia di sangue",
		"BloodWater": "Acqua sanguigna",
		"BloodyMachete": "Machete insanguinato",
		"BlowupSmoke": "Fumo esplosivo",
		"BlowupSmokeMoonlord": "Fumo esplosivo",
		"BlueCounterweight": "Contrappeso",
		"BlueFairy": "Fata blu",
		"BlueFlare": "Razzo blu",
		"BlueMoon": "Luna blu",
		"BobberFiberglass": "Bobina",
		"BobberFisherOfSouls": "Bobina",
		"BobberFleshcatcher": "Bobina",
		"BobberGolden": "Bobina",
		"BobberHotline": "Bobina",
		"BobberMechanics": "Bobina",
		"BobberReinforced": "Bobina",
		"BobbersittingDuck": "Bobina",
		"BobberWooden": "Bobina",
		"Bomb": "Bomba",
		"BombFish": "Pesce bomba",
		"BombSkeletronPrime": "Bomba",
		"Bone": "Osso",
		"BoneArrow": "Freccia di ossa",
		"BoneArrowFromMerchant": "Freccia di ossa",
		"BoneDagger": "Pugnale di ossa",
		"BoneGloveProj": "Osso X",
		"BoneJavelin": "Giavellotto di ossa",
		"Boulder": "Masso",
		"BoulderStaffOfEarth": "Masso",
		"BouncyBomb": "Bomba a rimbalzo",
		"BouncyDynamite": "Dinamite a rimbalzo",
		"BouncyGlowstick": "Bastone luminoso a rimbalzo",
		"BouncyGrenade": "Granata a rimbalzo",
		"BoxingGlove": "Guanto da boxe",
		"BrainOfConfusion": "Cervello confuso",
		"BrainScramblerBolt": "Saetta confondi cervello",
		"Bubble": "Bolla",
		"Bullet": "Proiettile",
		"BulletDeadeye": "Proiettile",
		"BulletHighVelocity": "Proiettile",
		"BulletSnowman": "Proiettile",
		"Bunny": "Coniglio",
		"ButchersChainsaw": "Motosega da macellaio",
		"CandyCaneHook": "Uncino di zucchero",
		"CandyCorn": "Caramella",
		"CannonballFriendly": "Palla di cannone",
		"CannonballHostile": "Palla di cannone",
		"Cascade": "Yo-yo",
		"ChainGuillotine": "Ghigliottina a catena",
		"ChainKnife": "Coltello a catena",
		"ChargedBlasterCannon": "Cannone blaster carico",
		"ChargedBlasterLaser": "Laser blaster carico",
		"ChargedBlasterOrb": "Sfera blaster carica",
		"Chik": "Yo-yo",
		"ChlorophyteArrow": "Freccia di clorofite",
		"ChlorophyteBullet": "Proiettile",
		"ChlorophyteChainsaw": "Motosega di clorofite",
		"ChlorophyteDrill": "Perforatrice di clorofite",
		"ChlorophyteJackhammer": "Martello pneumatico di clorofite",
		"ChlorophyteOrb": "Sfera di clorofite",
		"ChlorophytePartisan": "Partigiana di clorofite",
		"ChristmasHook": "Uncino natalizio",
		"ClingerStaff": "Fiamme maledette",
		"ClothiersCurse": "Teschio",
		"CobaltChainsaw": "Motosega di cobalto",
		"CobaltDrill": "Perforatrice di cobalto",
		"CobaltNaginata": "Naginata di cobalto",
		"Code1": "Yo-yo",
		"Code2": "Yo-yo",
		"CoinPortal": "Portale di monete",
		"CompanionCube": "Cubo compagno",
		"ConfettiGun": "Coriandoli",
		"ConfettiMelee": "Coriandoli",
		"CopperCoin": "Moneta di rame",
		"CopperCoinsFalling": "Monete di rame",
		"CorruptSpray": "Spruzzo corrotto",
		"CorruptYoyo": "Yo-yo",
		"CrimsandBallFalling": "Palla di sabbia cremisi",
		"CrimsandBallGun": "Palla di sabbia cremisi",
		"CrimsonHeart": "Cuore cremisi",
		"CrimsonSpray": "Spruzzo cremisi",
		"CrimsonYoyo": "Yo-yo",
		"CrossGraveMarker": "Lapide",
		"CrystalBullet": "Proiettile di cristallo",
		"CrystalDart": "Dardo di cristallo",
		"CrystalLeaf": "Foglia di cristallo",
		"CrystalLeafShot": "Foglia di cristallo",
		"CrystalPulse": "Carica di cristallo",
		"CrystalPulse2": "Carica di cristallo",
		"CrystalShard": "Frammento di cristallo",
		"CrystalStorm": "Tempesta di cristallo",
		"CrystalVileShardHead": "Frammento vile di cristallo",
		"CrystalVileShardShaft": "Frammento vile di cristallo",
		"Cthulunado": "Tornado di Cthulu",
		"CultistBossFireBall": "Meteorite",
		"CultistBossFireBallClone": "Meteorite ombra",
		"CultistBossIceMist": "Foschia di ghiaccio",
		"CultistBossLightningOrb": "Sfera del fulmine",
		"CultistBossLightningOrbArc": "Sfera del fulmine ad arco",
		"CultistBossParticle": "Energia",
		"CultistRitual": "Rituale del fulmine",
		"CursedArrow": "Freccia maledetta",
		"CursedBullet": "Proiettile maledetto",
		"CursedDart": "Dardo maledetto",
		"CursedDartFlame": "Fiamma maledetta",
		"CursedFlameFriendly": "Fiamma maledetta",
		"CursedFlameHostile": "Fiamma maledetta",
		"CursedSapling": "Arboscello maledetto",
		"DangerousSpider": "Ragno pericoloso",
		"DarkLance": "Lancia oscura",
		"Daybreak": "Alba",
		"DD2FlameBurstTowerT1": "Torre esplosiva",
		"DD2FlameBurstTowerT1Shot": "Torre esplosiva",
		"DD2FlameBurstTowerT2": "Torre esplosiva",
		"DD2FlameBurstTowerT2Shot": "Torre esplosiva",
		"DD2FlameBurstTowerT3": "Torre esplosiva",
		"DD2FlameBurstTowerT3Shot": "Torre esplosiva",
		"DD2JavelinHostile": "Giavellotto",
		"DeadlySphere": "Sfera letale",
		"DeathLaser": "Laser letale",
		"DeathSickle": "Falcetto letale",
		"DemonScythe": "Falce demoniaca",
		"DemonSickle": "Falcetto demoniaco",
		"DesertDjinnCurse": "Maledizione dello spirito del deserto",
		"DiamondBolt": "Saetta di diamante",
		"DirtBall": "Palla di terra",
		"DrillMountCrosshair": "Mirino perforatore",
		"DrManFlyFlask": "Borraccia",
		"DryadsWardCircle": "Difesa della driade",
		"DualHookBlue": "Uncino",
		"DualHookRed": "Uncino",
		"Dynamite": "Dinamite",
		"EatersBite": "Morso del mangiatore",
		"EbonsandBallFalling": "Palla di sabbia d'ebano",
		"EbonsandBallGun": "Palla di sabbia d'ebano",
		"EighthNote": "Nota",
		"Electrosphere": "Elettrosfera",
		"ElectrosphereMissile": "Missile elettrosfera",
		"EmeraldBolt": "Saetta di smeraldo",
		"EnchantedBeam": "Raggio incantato",
		"EnchantedBoomerang": "Boomerang incantato",
		"ExplosiveBullet": "Proiettile esplosivo",
		"ExplosiveBunny": "Coniglio esplosivo",
		"Explosives": "Esplosivi",
		"EyeBeam": "Raggio visivo",
		"EyeFire": "Occhio di fuoco",
		"EyeLaser": "Occhio di laser",
		"EyeSpring": "Libera occhio",
		"FallingStar": "Stella cadente",
		"FireArrow": "Freccia di fuoco",
		"Fireball": "Meteorite",
		"FireworkFountainBlue": "Fontana fuochi d'artificio",
		"FireworkFountainRainbow": "Fontana fuochi d'artificio",
		"FireworkFountainRed": "Fontana fuochi d'artificio",
		"FireworkFountainYellow": "Fontana fuochi d'artificio",
		"FishHook": "Amo",
		"Flairon": "Frusta pesce drago",
		"FlaironBubble": "Frusta pesce drago a bolle",
		"Flamarang": "Flamarang",
		"Flamelash": "Lanciatore di fiamma",
		"Flames": "Fiamme",
		"FlamesTrap": "Fiamme",
		"FlamethrowerTrap": "Lanciafiamme",
		"FlamingArrow": "Freccia infuocata",
		"FlamingJack": "Zucca intagliata accesa",
		"FlamingScythe": "Falce infuocata",
		"FlamingWood": "Legno acceso",
		"Flare": "Razzo",
		"FlowerPetal": "Petalo",
		"FlowerPow": "Fiore potente",
		"FlowerPowPetal": "Fiore potente",
		"FlyingImp": "Diavoletto volante",
		"FlyingKnife": "Coltello volante",
		"FlyingPiggyBank": "Salvadanaio volante",
		"FormatC": "Yo-yo",
		"FoulPotion": "Pozione disgustosa",
		"FrostArrow": "Freccia di gelo",
		"FrostBeam": "Raggio di gelo",
		"FrostBlastFriendly": "Scoppio di gelo",
		"FrostBlastHostile": "Scoppio di gelo",
		"FrostBoltStaff": "Saetta di gelo",
		"FrostBoltSword": "Saetta di gelo",
		"FrostburnArrow": "Freccia da scottatura raggelante",
		"FrostDaggerfish": "Pescedaga del gelo",
		"FrostHydra": "Idra del gelo",
		"FrostShard": "Frammento di gelo",
		"FrostWave": "Ondata di gelo",
		"FruitcakeChakram": "Chakram alla frutta",
		"GemHookAmethyst": "Uncino di gemma",
		"GemHookDiamond": "Uncino di gemma",
		"GemHookEmerald": "Uncino di gemma",
		"GemHookRuby": "Uncino di gemma",
		"GemHookSapphire": "Uncino di gemma",
		"GemHookTopaz": "Uncino di gemma",
		"GeyserTrap": "Geyser",
		"GiantBee": "Ape",
		"GigaZapperSpear": "Punta di lancia gigazapper",
		"Glowstick": "Bastone luminoso",
		"GoldCoin": "Moneta d'oro",
		"GoldCoinsFalling": "Monete d'oro",
		"GoldenBullet": "Proiettile dorato",
		"GoldenShowerFriendly": "Doccia dorata",
		"GoldenShowerHostile": "Doccia dorata",
		"GolemFist": "Pugno di golem",
		"Gradient": "Yo-yo",
		"GraveMarker": "Lapide",
		"Gravestone": "Lapide",
		"GreekFire1": "Fuoco greco",
		"GreekFire2": "Fuoco greco",
		"GreekFire3": "Fuoco greco",
		"GreenCounterweight": "Contrappeso",
		"GreenFairy": "Fata rosa",
		"GreenLaser": "Laser verde",
		"Grenade": "Granata",
		"GrenadeI": "Granata",
		"GrenadeII": "Granata",
		"GrenadeIII": "Granata",
		"GrenadeIV": "Granata",
		"Gungnir": "Gungnir",
		"HallowSpray": "Spruzzo consacrato",
		"HallowStar": "Stella consacrata",
		"Hamdrax": "Perforascia",
		"HappyBomb": "Bomba allegra",
		"Harpoon": "Arpione",
		"HarpyFeather": "Piuma dell'arpia",
		"Headstone": "Lapide",
		"HeatRay": "Raggio di calore",
		"HelFire": "Yo-yo",
		"HellfireArrow": "Freccia di fuoco infernale",
		"Hellwing": "Ala di fuoco infernale",
		"HolyArrow": "Freccia sacra",
		"HolyWater": "Acquasanta",
		"Hook": "Uncino",
		"Hornet": "Calabrone",
		"HornetStinger": "Pungiglione di calabrone",
		"IceBlock": "Blocco di ghiaccio",
		"IceBolt": "Saetta di ghiaccio",
		"IceBoomerang": "Boomerang di ghiaccio",
		"IceSickle": "Falcetto di ghiaccio",
		"IceSpike": "Spuntone di ghiaccio",
		"IcewaterSpit": "Bava ghiacciata",
		"IchorArrow": "Freccia di icore",
		"IchorBullet": "Proiettile di icore",
		"IchorDart": "Dardo icore",
		"IchorSplash": "Spruzzo icore",
		"IlluminantHook": "Uncino",
		"ImpFireball": "Meteorite diavoletto",
		"InfernoFriendlyBlast": "Inferno",
		"InfernoFriendlyBolt": "Inferno",
		"InfernoHostileBlast": "Inferno",
		"InfernoHostileBolt": "Inferno",
		"InfluxWaver": "Spadone dell'influsso",
		"IvyWhip": "Frusta di edera",
		"JackOLantern": "Zucca intagliata",
		"JavelinFriendly": "Giavellotto",
		"JavelinHostile": "Giavellotto",
		"JestersArrow": "Freccia del giullare",
		"JumperSpider": "Ragno saltatore",
		"JungleSpike": "Spuntone della giungla",
		"JungleYoyo": "Yo-yo",
		"Kraken": "Yo-yo",
		"Landmine": "Mina terrestre",
		"LaserDrill": "Perforatrice laser",
		"LaserMachinegun": "Mitragliatrice laser",
		"LaserMachinegunLaser": "Laser",
		"LastPrism": "Ultimo prisma",
		"LastPrismLaser": "Ultimo prisma",
		"Leaf": "Foglia",
		"LightBeam": "Raggio di luce",
		"LightDisc": "Disco di luce",
		"LostSoulFriendly": "Anima persa",
		"LostSoulHostile": "Anima persa",
		"LovePotion": "Pozione d'amore",
		"LunarFlare": "Razzo lunare",
		"LunarHookNebula": "Uncino lunare",
		"LunarHookSolar": "Uncino lunare",
		"LunarHookStardust": "Uncino lunare",
		"LunarHookVortex": "Uncino lunare",
		"MagicDagger": "Pugnale magico",
		"MagicLantern": "Lanterna magica",
		"MagicMissile": "Missile magico",
		"MagnetSphereBall": "Sfera a calamita",
		"MagnetSphereBolt": "Sfera a calamita",
		"MartianTurretBolt": "Saetta elettrica",
		"MartianWalkerLaser": "Raggio laser",
		"MechanicalPiranha": "Piraña meccanico",
		"MechanicWrench": "Chiave inglese del meccanico",
		"MedusaHead": "Raggio di medusa",
		"MedusaHeadRay": "Raggio di medusa",
		"Meowmere": "Miaospadone",
		"Meteor1": "Meteorite",
		"Meteor2": "Meteorite",
		"Meteor3": "Meteorite",
		"MeteorShot": "Sparo di meteorite",
		"MinecartMechLaser": "Laser carrello",
		"MiniMinotaur": "Mini minotauro",
		"MiniRetinaLaser": "Mini laser retina",
		"MiniSharkron": "Mini squalo volante",
		"Missile": "Missile",
		"MolotovCocktail": "Molotov",
		"MolotovFire": "Fuoco molotov",
		"MolotovFire2": "Fuoco molotov",
		"MolotovFire3": "Fuoco molotov",
		"MoonLeech": "Sanguisuga lunare",
		"MoonlordArrow": "Freccia di luminite",
		"MoonlordArrowTrail": "Freccia di luminite",
		"MoonlordBullet": "Proiettile di luminite",
		"MoonlordTurret": "Portale lunare",
		"MoonlordTurretLaser": "Laser portale lunare",
		"MudBall": "Palla di fango",
		"Mushroom": "Fungo",
		"MushroomSpear": "Lancia a fungo",
		"MushroomSpray": "Spruzzo di fungo",
		"MythrilChainsaw": "Motosega di mitrilio",
		"MythrilDrill": "Perforatrice di mitrilio",
		"MythrilHalberd": "Alabarda di mitrilio",
		"Nail": "Chiodo",
		"NailFriendly": "Chiodo",
		"NanoBullet": "Nano-proiettile",
		"NebulaArcanum": "Arcanum di nebulosa",
		"NebulaArcanumExplosionShot": "Arcanum di nebulosa",
		"NebulaArcanumExplosionShotShard": "Arcanum di nebulosa",
		"NebulaArcanumSubshot": "Arcanum di nebulosa",
		"NebulaBlaze1": "Esplosione nebulosa",
		"NebulaBlaze2": "Esplosione nebulosa X",
		"NebulaBolt": "Penetrazione della nebulosa",
		"NebulaChainsaw": "Motosega della nebulosa",
		"NebulaDrill": "Perforatrice della nebulosa",
		"NebulaEye": "Occhio della nebulosa",
		"NebulaLaser": "Laser della nebulosa",
		"NebulaSphere": "Sfera della nebulosa",
		"NettleBurstEnd": "Ortica a getto",
		"NettleBurstLeft": "Ortica a getto",
		"NettleBurstRight": "Ortica a getto",
		"NightBeam": "Raggio notturno",
		"None": "",
		"NorthPoleSnowflake": "Polo Nord",
		"NorthPoleSpear": "Polo Nord",
		"NorthPoleWeapon": "Polo Nord",
		"NurseSyringeHeal": "Siringa",
		"NurseSyringeHurt": "Siringa",
		"Obelisk": "Lapide",
		"ObsidianSwordfish": "Pesce spada di ossidiana",
		"OneEyedPirate": "Pirata con benda",
		"OrichalcumChainsaw": "Motosega di oricalco",
		"OrichalcumDrill": "Perforatrice di oricalco",
		"OrichalcumHalberd": "Alabarda di oricalco",
		"OrnamentFriendly": "Ornamento",
		"OrnamentHostile": "Ornamento",
		"OrnamentHostileShrapnel": "Ornamento",
		"PainterPaintball": "Paintball",
		"PaladinsHammerFriendly": "Martello del paladino",
		"PaladinsHammerHostile": "Martello del paladino",
		"PalladiumChainsaw": "Motosega di palladio",
		"PalladiumDrill": "Perforatrice di palladio",
		"PalladiumPike": "Picca di palladio",
		"Parrot": "Pappagallo",
		"PartyBullet": "Proiettile festivo",
		"PartyGirlGrenade": "Granata di coriandoli",
		"PearlSandBallFalling": "Palla di sabbia perlata",
		"PearlSandBallGun": "Palla di sabbia perlata",
		"Penguin": "Pinguino",
		"PetLizard": "Lucertola",
		"Phantasm": "Fantasma",
		"PhantasmalBolt": "Saetta fantasma",
		"PhantasmalDeathray": "Raggio mortale fantasma",
		"PhantasmalEye": "Occhio fantasma",
		"PhantasmalSphere": "Sfera fantasma",
		"PhantasmArrow": "Fantasma",
		"PhasicWarpDisc": "",
		"PhasicWarpEjector": "",
		"PineNeedleFriendly": "Ago di abete",
		"PineNeedleHostile": "Ago di abete",
		"PinkFairy": "Fata rosa",
		"PinkLaser": "Laser rosa",
		"PirateCaptain": "Pirata capitano",
		"PlatinumCoin": "Moneta di platino",
		"PlatinumCoinsFalling": "Monete di platino",
		"PoisonDart": "Dardo di veleno",
		"PoisonDartBlowgun": "Dardo di veleno",
		"PoisonDartTrap": "Dardo di veleno",
		"PoisonedKnife": "Coltello avvelenato",
		"PoisonFang": "Zanna velenosa",
		"PoisonSeedPlantera": "Seme velenoso",
		"PortalGun": "Pistola del portale",
		"PortalGunBolt": "Saetta del portale",
		"PortalGunGate": "Porta del portale",
		"PossessedHatchet": "Accetta posseduta",
		"Present": "Regalo",
		"ProximityMineI": "Mina di prossimità",
		"ProximityMineII": "Mina di prossimità",
		"ProximityMineIII": "Mina di prossimità",
		"ProximityMineIV": "Mina di prossimità",
		"PulseBolt": "Saetta a impulsi",
		"Puppy": "Cucciolo",
		"PureSpray": "Spruzzo puro",
		"PurificationPowder": "Polvere purificatrice",
		"PurpleCounterweight": "Contrappeso",
		"PurpleLaser": "Laser viola",
		"Pygmy": "Pigmeo",
		"Pygmy2": "Pigmeo",
		"Pygmy3": "Pigmeo",
		"Pygmy4": "Pigmeo",
		"PygmySpear": "Pigmeo",
		"QuarterNote": "Nota",
		"RainbowBack": "Arcobaleno",
		"RainbowCrystal": "Cristallo dell'arcobaleno",
		"RainbowCrystalExplosion": "Esplosione dell'arcobaleno",
		"RainbowFront": "Arcobaleno",
		"RainbowRodBullet": "Arcobaleno",
		"RainCloudMoving": "Nuvola di pioggia",
		"RainCloudRaining": "Nuvola di pioggia",
		"RainFriendly": "Pioggia",
		"RainNimbus": "Pioggia",
		"Rally": "Yo-yo",
		"Raven": "Corvo",
		"RayGunnerLaser": "Raggio laser",
		"RedCounterweight": "Contrappeso",
		"RedsYoyo": "Yo-yo",
		"Retanimini": "Mini Retinazer",
		"RichGravestone1": "Lapide",
		"RichGravestone2": "Lapide",
		"RichGravestone3": "Lapide",
		"RichGravestone4": "Lapide",
		"RichGravestone5": "Lapide",
		"RocketFireworkBlue": "Razzo",
		"RocketFireworkGreen": "Razzo",
		"RocketFireworkRed": "Razzo",
		"RocketFireworksBoxBlue": "Razzo",
		"RocketFireworksBoxGreen": "Razzo",
		"RocketFireworksBoxRed": "Razzo",
		"RocketFireworksBoxYellow": "Razzo",
		"RocketFireworkYellow": "Razzo",
		"RocketI": "Razzo",
		"RocketII": "Razzo",
		"RocketIII": "Razzo",
		"RocketIV": "Razzo",
		"RocketSkeleton": "Razzo",
		"RocketSnowmanI": "Razzo",
		"RocketSnowmanII": "Razzo",
		"RocketSnowmanIII": "Razzo",
		"RocketSnowmanIV": "Razzo",
		"RopeCoil": "Bobina di corda",
		"RottenEgg": "Uovo marcio",
		"RubyBolt": "Saetta di rubino",
		"RuneBlast": "Scoppio runico",
		"SalamanderSpit": "Bava velenosa",
		"SandBallFalling": "Palla di sabbia",
		"SandBallGun": "Palla di sabbia",
		"SandnadoFriendly": "Tempesta antica",
		"SandnadoHostile": "Tempesta antica",
		"SandnadoHostileMark": "Tempesta antica",
		"SantaBombs": "Decorazione natalizia",
		"Sapling": "Arboscello",
		"SapphireBolt": "Saetta di zaffiro",
		"SaucerDeathray": "Raggio mortale marziano",
		"SaucerLaser": "Laser di disco volante",
		"SaucerMissile": "Razzo marziano",
		"SaucerScrap": "Resti di disco volante",
		"SawtoothShark": "Pesce sega",
		"ScutlixLaser": "Laser",
		"ScutlixLaserCrosshair": "Mirino Scutlix",
		"ScutlixLaserFriendly": "Laser Scutlix",
		"Seed": "Seme",
		"SeedlerNut": "Spargisemi",
		"SeedlerThorn": "Spargisemi",
		"SeedPlantera": "Seme",
		"ShadowBeamFriendly": "Raggio d'ombra",
		"ShadowBeamHostile": "Raggio d'ombra",
		"ShadowFlame": "Fiamma d'ombra",
		"ShadowFlameArrow": "Freccia fiamma d'ombra",
		"ShadowFlameKnife": "Coltello fiamma d'ombra",
		"Shadowflames": "Fiamme d'ombra",
		"ShadowOrb": "Sfera d'ombra",
		"Sharknado": "Tornado di squali",
		"SharknadoBolt": "Saetta tornado di squali",
		"Shuriken": "Shuriken",
		"SilkRopeCoil": "Bobina di corda",
		"SiltBall": "Palla insabbiata",
		"SilverCoin": "Moneta d'argento",
		"SilverCoinsFalling": "Monete d'argento",
		"SkeletonBone": "Osso",
		"SkeletronHand": "Mano di Skeletron",
		"Skull": "Teschio",
		"SkyFracture": "Frattura celeste",
		"SlimeGun": "Pistola slime",
		"SlimeHook": "Uncino slime",
		"SlushBall": "Palla di fanghiglia",
		"SmokeBomb": "Bomba fumogena",
		"SniperBullet": "Proiettile da cecchino",
		"SnowBallFriendly": "Palla di neve",
		"SnowBallHostile": "Palla di neve",
		"SolarCounter": "Splendore solare",
		"SolarFlareChainsaw": "Motosega esplosione solare",
		"SolarFlareDrill": "Perforatrice esplosione solare",
		"SolarFlareRay": "Esplosione solare",
		"SolarWhipSword": "Eruzione solare",
		"SolarWhipSwordExplosion": "Eruzione solare",
		"SoulDrain": "Sottrazione anima",
		"SoulscourgePirate": "Pirata flagello",
		"Spark": "Scintilla",
		"Spazmamini": "Mini Spazmatism",
		"Spear": "Lancia",
		"SpearTrap": "Lancia",
		"SpectreWrath": "Ira spettrale",
		"SpelunkerGlowstick": "Bastone luminoso da speleologo",
		"Spider": "Ragno",
		"SpiderEgg": "Uovo di ragno",
		"SpiderHiver": "Torretta del ragno",
		"Spike": "Spuntone",
		"SpikedSlimeSpike": "Spuntone slime",
		"SpikyBall": "Palla chiodata",
		"SpikyBallTrap": "Palla chiodata",
		"SpiritFlame": "Fiamma dello spirito",
		"SpiritHeal": "Cura spettrale",
		"SporeCloud": "Nuvola di spore",
		"SporeGas": "Spora",
		"SporeGas2": "Spora",
		"SporeGas3": "Spora",
		"SporeTrap": "Spora",
		"SporeTrap2": "Spora",
		"Squashling": "Piccola zucca",
		"Stake": "Paletto",
		"StarAnise": "Shuriken di anice",
		"StardustCellMinion": "Batteria di polvere di stella",
		"StardustCellMinionShot": "Cellula di polvere di stella",
		"StardustChainsaw": "Motosega di polvere di stella",
		"StardustDragon1": "Drago di polvere di stella",
		"StardustDragon2": "Drago di polvere di stella",
		"StardustDragon3": "Drago di polvere di stella",
		"StardustDragon4": "Drago di polvere di stella",
		"StardustDrill": "Perforatrice di polvere di stella",
		"StardustGuardian": "Guardiano di polvere di stella",
		"StardustGuardianExplosion": "Esplosione stellare",
		"StardustJellyfishSmall": "Invasore del flusso",
		"StardustSoldierLaser": "Laser di polvere di stella",
		"StardustTowerMark": "Marchio stellare",
		"Starfury": "Furia stellare",
		"StarWrath": "Ira stellare",
		"StaticHook": "Uncino statico",
		"StickyBomb": "Bomba appiccicosa",
		"StickyDynamite": "Dinamite appiccicosa",
		"StickyGlowstick": "Bastone luminoso appiccicoso",
		"StickyGrenade": "Granata appiccicosa",
		"Stinger": "Artiglio",
		"Stynger": "Lanciaframmenti",
		"StyngerShrapnel": "Lanciaframmenti",
		"Sunfury": "Furia del sole",
		"SuspiciousTentacle": "Tentacolo sospetto",
		"SwordBeam": "Raggio della spada",
		"Swordfish": "Pesce spada",
		"Tempest": "Tempesta",
		"TendonHook": "Uncino",
		"TerraBeam": "Raggio di terra",
		"Terrarian": "Terrariano",
		"TerrarianBeam": "Terrariano",
		"TheDaoofPow": "Frustona",
		"TheEyeOfCthulhu": "Yo-yo",
		"TheMeatball": "Il macellaio",
		"TheRottedFork": "Il forcone marcio",
		"ThornBall": "Palla di rovi",
		"ThornChakram": "Artiglio di Chakram",
		"ThornHook": "Uncino",
		"ThrowingKnife": "Coltello da lancio",
		"TiedEighthNote": "Nota",
		"TikiSpirit": "Spirito tiki",
		"TinyEater": "Mangiatore minuscolo",
		"TitaniumChainsaw": "Motosega di titanio",
		"TitaniumDrill": "Perforatrice di titanio",
		"TitaniumTrident": "Tridente di titanio",
		"Tombstone": "Lapide",
		"TopazBolt": "Saetta di topazio",
		"TowerDamageBolt": "Energia rilasciata",
		"ToxicBubble": "Bolla tossica",
		"ToxicCloud": "Nuvola tossica",
		"ToxicCloud2": "Nuvola tossica",
		"ToxicCloud3": "Nuvola tossica",
		"ToxicFlask": "Borraccia tossica",
		"TrackHook": "Gancio da binario",
		"Trident": "Tridente",
		"Truffle": "Tartufo",
		"TruffleSpore": "Spora di tartufo",
		"Turtle": "Tartaruga",
		"Twinkle": "Luccichio",
		"Typhoon": "Tifone",
		"UFOLaser": "Raggio UFO",
		"UFOMinion": "UFO",
		"UnholyArrow": "Freccia empia",
		"UnholyTridentFriendly": "Tridente profano",
		"UnholyTridentHostile": "Tridente profano",
		"UnholyWater": "Acqua profana",
		"ValkyrieYoyo": "Yo-yo",
		"Valor": "Yo-yo",
		"VampireHeal": "Cura da vampiro",
		"VampireKnife": "Coltello da vampiro",
		"VenomArrow": "Freccia di tossina",
		"VenomBullet": "Proiettile di tossina",
		"VenomFang": "Zanna tossica",
		"VenomSpider": "Ragno tossico",
		"ViciousPowder": "Polvere malvagia",
		"VilePowder": "Polvere disgustosa",
		"VilethornBase": "Spina vile",
		"VilethornTip": "Spina vile",
		"VineRopeCoil": "Bobina di viticcio",
		"VortexAcid": "Sostanza viscida aliena",
		"VortexBeater": "Battitore vortice",
		"VortexBeaterRocket": "Razzo vortice",
		"VortexChainsaw": "Motosega vortice",
		"VortexDrill": "Perforatrice vortice",
		"VortexLaser": "Laser vortice",
		"VortexLightning": "Fulmine vortice",
		"VortexVortexLightning": "Vortice",
		"VortexVortexPortal": "Vortice",
		"Wasp": "Vespa",
		"WaterBolt": "Dardo d'acqua",
		"WaterGun": "Pistola ad acqua",
		"WaterStream": "Ruscello",
		"Web": "Ragnatela",
		"WebRopeCoil": "Bobina di corda",
		"WebSpit": "Sputo di ragnatela",
		"WireKite": "Grande schema",
		"Wisp": "Fiammella",
		"WoodenArrowFriendly": "Freccia di legno",
		"WoodenArrowHostile": "Freccia di legno",
		"WoodenBoomerang": "Boomerang di legno",
		"WoodHook": "Uncino di legno",
		"WoodYoyo": "Yo-yo",
		"WormHook": "Uncino",
		"Xenopopper": "Xenopopper",
		"Yelets": "Yo-yo",
		"YellowCounterweight": "Contrappeso",
		"ZephyrFish": "Pesce zefiro",
		"Ale": "Birra",
		"ApprenticeStaffT3Shot": "Ira di Betsy",
		"BookStaffShot": "Tomo della saggezza infinita",
		"DD2ApprenticeStorm": "Turbine della saggezza infinita",
		"DD2BallistraProj": "Balestra",
		"DD2BallistraTowerT1": "Balestra",
		"DD2BallistraTowerT2": "Balestra",
		"DD2BallistraTowerT3": "Balestra",
		"DD2BetsyArrow": "Flagello aereo",
		"DD2BetsyFireball": "Meteorite di Betsy",
		"DD2BetsyFlameBreath": "Respiro di Betsy",
		"DD2DarkMageBolt": "Energia oscura",
		"DD2DarkMageHeal": "Sigillo oscuro",
		"DD2DarkMageRaise": "Sigillo oscuro",
		"DD2DrakinShot": "Drakin",
		"DD2ElderWins": "Fine macabra",
		"DD2ExplosiveTrapT1": "Trappola esplosiva",
		"DD2ExplosiveTrapT1Explosion": "Trappola esplosiva",
		"DD2ExplosiveTrapT2": "Trappola esplosiva",
		"DD2ExplosiveTrapT2Explosion": "Trappola esplosiva",
		"DD2ExplosiveTrapT3": "Trappola esplosiva",
		"DD2ExplosiveTrapT3Explosion": "Trappola esplosiva",
		"DD2GoblinBomb": "Bomba goblin",
		"DD2LightningAuraT1": "Aura fulminante",
		"DD2LightningAuraT2": "Aura fulminante",
		"DD2LightningAuraT3": "Aura fulminante",
		"DD2LightningBugZap": "Saetta indebolita",
		"DD2OgreSmash": "Pedata dell'orco",
		"DD2OgreSpit": "Sputo dell'orco",
		"DD2OgreStomp": "Pedata dell'orco",
		"DD2PetDragon": "Hoardagron",
		"DD2PetGato": "Eligato",
		"DD2PetGhost": "Flickerwick",
		"DD2PhoenixBow": "Fenice fantasma",
		"DD2PhoenixBowShot": "Fenice fantasma",
		"DD2SquireSonicBoom": "Fendente sincero",
		"DD2Win": "Vittoria!",
		"MonkStaffT1": "Octopode assonnato",
		"MonkStaffT1Explosion": "Spacca canna",
		"MonkStaffT2": "Alabarda spettrale",
		"MonkStaffT2Ghast": "Spaventoso",
		"MonkStaffT3": "Furia del drago del cielo",
		"MonkStaffT3_Alt": "Furia del drago del cielo",
		"MonkStaffT3_AltShot": "Furia del drago del cielo",
		"DD2JavelinHostileT3": "{$ProjectileName.DD2JavelinHostile}"
	}
}