{
	"ProjectileName": {
		"AdamantiteChainsaw": "Адамантитовая бензопила",
		"AdamantiteDrill": "Адамантитовый бур",
		"AdamantiteGlaive": "Адамантитовая глефа",
		"Amarok": "Йо-йо",
		"AmberBolt": "Янтарный снаряд",
		"AmethystBolt": "Аметистовый снаряд",
		"Anchor": "Якорь",
		"AncientDoomProjectile": "Конец пророчества",
		"AntiGravityHook": "Антигравитационный крюк",
		"Arkhalis": "Аркалис",
		"AshBallFalling": "Пепел",
		"BabyDino": "Детеныш динозавра",
		"BabyEater": "Детеныш пожирателя",
		"BabyFaceMonster": "Детеныш лицевого монстра",
		"BabyGrinch": "Малыш Гринч",
		"BabyHornet": "Детеныш шершня",
		"BabySkeletronHead": "Детеныш головы Скелетрона",
		"BabySlime": "Слизнячок",
		"BabySnowman": "Детеныш снеговика",
		"BabySpider": "Детеныш паука",
		"BallofFire": "Огненная пуля",
		"BallofFrost": "Морозный шар",
		"BallOHurt": "Шар боли",
		"Bananarang": "Бананаранг",
		"Bat": "Летучая мышь",
		"BatHook": "Крюк летучей мыши",
		"BeachBall": "Пляжный мяч",
		"Bee": "Пчела",
		"BeeArrow": "Пчелиная стрела",
		"BeeHive": "Пчелиный улей",
		"Beenade": "Пчелоната",
		"BlackBolt": "Ониксовый бластер",
		"BlackCat": "Черная кошка",
		"BlackCounterweight": "Противовес",
		"Blizzard": "Снежная буря",
		"BloodCloudMoving": "Кровавое облако",
		"BloodCloudRaining": "Кровавое облако",
		"BloodRain": "Кровавый дождь",
		"BloodWater": "Кровавая вода",
		"BloodyMachete": "Кровавый мачете",
		"BlowupSmoke": "Дым от взрыва",
		"BlowupSmokeMoonlord": "Дым от взрыва",
		"BlueCounterweight": "Противовес",
		"BlueFairy": "Синяя фея",
		"BlueFlare": "Синяя сигнальная ракета",
		"BlueMoon": "Синяя луна",
		"BobberFiberglass": "Поплавок",
		"BobberFisherOfSouls": "Поплавок",
		"BobberFleshcatcher": "Поплавок",
		"BobberGolden": "Поплавок",
		"BobberHotline": "Поплавок",
		"BobberMechanics": "Поплавок",
		"BobberReinforced": "Поплавок",
		"BobbersittingDuck": "Поплавок",
		"BobberWooden": "Поплавок",
		"Bomb": "Бомба",
		"BombFish": "Рыба-бомба",
		"BombSkeletronPrime": "Бомба",
		"Bone": "Кость",
		"BoneArrow": "Костяная стрела",
		"BoneArrowFromMerchant": "Костяная стрела",
		"BoneDagger": "Костяной кинжал",
		"BoneGloveProj": "Х-образная кость",
		"BoneJavelin": "Костяное копье",
		"Boulder": "Валун",
		"BoulderStaffOfEarth": "Валун",
		"BouncyBomb": "Прыгучая бомба",
		"BouncyDynamite": "Прыгучий динамит",
		"BouncyGlowstick": "Прыгучая светящаяся палочка",
		"BouncyGrenade": "Прыгучая граната",
		"BoxingGlove": "Боксерская перчатка",
		"BrainOfConfusion": "Мозги запутанности",
		"BrainScramblerBolt": "Снаряд Мозгокрута",
		"Bubble": "Пузырь",
		"Bullet": "Пуля",
		"BulletDeadeye": "Пуля",
		"BulletHighVelocity": "Пуля",
		"BulletSnowman": "Пуля",
		"Bunny": "Кролик",
		"ButchersChainsaw": "Бензопила мясника",
		"CandyCaneHook": "Карамельный крюк",
		"CandyCorn": "Кенди-корн",
		"CannonballFriendly": "Пушечное ядро",
		"CannonballHostile": "Пушечное ядро",
		"Cascade": "Йо-йо",
		"ChainGuillotine": "Гильотина на цепях",
		"ChainKnife": "Кинжал на цепи",
		"ChargedBlasterCannon": "Зарядная бластерная пушка",
		"ChargedBlasterLaser": "Зарядный бластерный лазер",
		"ChargedBlasterOrb": "Зарядная бластерная сфера",
		"Chik": "Йо-йо",
		"ChlorophyteArrow": "Хлорофитовая стрела",
		"ChlorophyteBullet": "Пуля",
		"ChlorophyteChainsaw": "Хлорофитовая бензопила",
		"ChlorophyteDrill": "Хлорофитовый бур",
		"ChlorophyteJackhammer": "Хлорофитовый пневмомолот",
		"ChlorophyteOrb": "Хлорофитовая сфера",
		"ChlorophytePartisan": "Хлорофитовый протазан",
		"ChristmasHook": "Рождественский крюк",
		"ClingerStaff": "Проклятый огонь",
		"ClothiersCurse": "Череп",
		"CobaltChainsaw": "Кобальтовая бензопила",
		"CobaltDrill": "Кобальтовый бур",
		"CobaltNaginata": "Кобальтовая нагината",
		"Code1": "Йо-йо",
		"Code2": "Йо-йо",
		"CoinPortal": "Денежный портал",
		"CompanionCube": "Куб-спутник",
		"ConfettiGun": "Конфетти",
		"ConfettiMelee": "Конфетти",
		"CopperCoin": "Медная монета",
		"CopperCoinsFalling": "Медные монеты",
		"CorruptSpray": "Раствор порчи",
		"CorruptYoyo": "Йо-йо",
		"CrimsandBallFalling": "Багрянцевый шар",
		"CrimsandBallGun": "Багрянцевый шар",
		"CrimsonHeart": "Багряное сердце",
		"CrimsonSpray": "Раствор багрянца",
		"CrimsonYoyo": "Йо-йо",
		"CrossGraveMarker": "Надгробная плита",
		"CrystalBullet": "Кристальная пуля",
		"CrystalDart": "Кристальный дротик",
		"CrystalLeaf": "Кристальный лист",
		"CrystalLeafShot": "Кристальный лист",
		"CrystalPulse": "Кристальный заряд",
		"CrystalPulse2": "Кристальный заряд",
		"CrystalShard": "Осколок кристалла",
		"CrystalStorm": "Кристальный шторм",
		"CrystalVileShardHead": "Мерзкий осколок кристалла",
		"CrystalVileShardShaft": "Мерзкий осколок кристалла",
		"Cthulunado": "Ктулхунадо",
		"CultistBossFireBall": "Файербол",
		"CultistBossFireBallClone": "Теневой файербол",
		"CultistBossIceMist": "Ледяной туман",
		"CultistBossLightningOrb": "Светящаяся сфера",
		"CultistBossLightningOrbArc": "Дуга из светящейся сферы",
		"CultistBossParticle": "Энергия",
		"CultistRitual": "Ритуал молнии",
		"CursedArrow": "Проклятая стрела",
		"CursedBullet": "Проклятая пуля",
		"CursedDart": "Проклятый дротик",
		"CursedDartFlame": "Проклятое пламя",
		"CursedFlameFriendly": "Проклятое пламя",
		"CursedFlameHostile": "Проклятое пламя",
		"CursedSapling": "Проклятое растеньице",
		"DangerousSpider": "Опасный паук",
		"DarkLance": "Темное копье",
		"Daybreak": "Заря",
		"DD2FlameBurstTowerT1": "Огнеметная башня",
		"DD2FlameBurstTowerT1Shot": "Огнеметная башня",
		"DD2FlameBurstTowerT2": "Огнеметная башня",
		"DD2FlameBurstTowerT2Shot": "Огнеметная башня",
		"DD2FlameBurstTowerT3": "Огнеметная башня",
		"DD2FlameBurstTowerT3Shot": "Огнеметная башня",
		"DD2JavelinHostile": "Копье",
		"DeadlySphere": "Смертельная сфера",
		"DeathLaser": "Смертельный лазер",
		"DeathSickle": "Коса смерти",
		"DemonScythe": "Демоническая коса",
		"DemonSickle": "Демонический серп",
		"DesertDjinnCurse": "Проклятие духа пустыни",
		"DiamondBolt": "Алмазный снаряд",
		"DirtBall": "Шар земли",
		"DrillMountCrosshair": "Прицел бура",
		"DrManFlyFlask": "Фляга",
		"DryadsWardCircle": "Охрана Дриады",
		"DualHookBlue": "Крюк",
		"DualHookRed": "Крюк",
		"Dynamite": "Динамит",
		"EatersBite": "Укус пожирателя",
		"EbonsandBallFalling": "Демонитовый песок",
		"EbonsandBallGun": "Демонитовый песок",
		"EighthNote": "Записка",
		"Electrosphere": "Электросфера",
		"ElectrosphereMissile": "Ракета электросферы",
		"EmeraldBolt": "Изумрудный снаряд",
		"EnchantedBeam": "Зачарованный луч",
		"EnchantedBoomerang": "Зачарованный бумеранг",
		"ExplosiveBullet": "Разрывная пуля",
		"ExplosiveBunny": "Взрывокролик",
		"Explosives": "Взрывчатка",
		"EyeBeam": "Луч глаза",
		"EyeFire": "Огненный глаз",
		"EyeLaser": "Глазной лазер",
		"EyeSpring": "Глаз на пружинке",
		"FallingStar": "Падающая звезда",
		"FireArrow": "Огненная стрела",
		"Fireball": "Файербол",
		"FireworkFountainBlue": "Фонтан фейерверков",
		"FireworkFountainRainbow": "Фонтан фейерверков",
		"FireworkFountainRed": "Фонтан фейерверков",
		"FireworkFountainYellow": "Фонтан фейерверков",
		"FishHook": "Рыболовный крючок",
		"Flairon": "Флайрон",
		"FlaironBubble": "Пузырь флайрона",
		"Flamarang": "Огнеранг",
		"Flamelash": "Огнеплеть",
		"Flames": "Пламя",
		"FlamesTrap": "Пламя",
		"FlamethrowerTrap": "Огнемет",
		"FlamingArrow": "Подожженная стрела",
		"FlamingJack": "Пылающий Джек",
		"FlamingScythe": "Пылающая коса",
		"FlamingWood": "Пылающее дерево",
		"Flare": "Сигнальная ракета",
		"FlowerPetal": "Цветочный лепесток",
		"FlowerPow": "Цветочный удар",
		"FlowerPowPetal": "Цветочный удар",
		"FlyingImp": "Летающий чертенок",
		"FlyingKnife": "Летающий нож",
		"FlyingPiggyBank": "Летающая свинья-копилка",
		"FormatC": "Йо-йо",
		"FoulPotion": "Отвратительное зелье",
		"FrostArrow": "Морозная стрела",
		"FrostBeam": "Морозный луч",
		"FrostBlastFriendly": "Морозный снаряд",
		"FrostBlastHostile": "Морозный снаряд",
		"FrostBoltStaff": "Морозный снаряд",
		"FrostBoltSword": "Морозный снаряд",
		"FrostburnArrow": "Стрела ледяного ожога",
		"FrostDaggerfish": "Морозная рыба-меч",
		"FrostHydra": "Морозная гидра",
		"FrostShard": "Морозный осколок",
		"FrostWave": "Морозная волна",
		"FruitcakeChakram": "Кексовый чакрам",
		"GemHookAmethyst": "Самоцветный крюк",
		"GemHookDiamond": "Самоцветный крюк",
		"GemHookEmerald": "Самоцветный крюк",
		"GemHookRuby": "Самоцветный крюк",
		"GemHookSapphire": "Самоцветный крюк",
		"GemHookTopaz": "Самоцветный крюк",
		"GeyserTrap": "Гейзер",
		"GiantBee": "Пчела",
		"GigaZapperSpear": "Наконечник копья Гигазаппера",
		"Glowstick": "Светящаяся палочка",
		"GoldCoin": "Золотая монета",
		"GoldCoinsFalling": "Золотые монеты",
		"GoldenBullet": "Золотая пуля",
		"GoldenShowerFriendly": "Золотой душ",
		"GoldenShowerHostile": "Золотой душ",
		"GolemFist": "Кулак Голема",
		"Gradient": "Йо-йо",
		"GraveMarker": "Надгробная плита",
		"Gravestone": "Надгробная плита",
		"GreekFire1": "Греческий огонь",
		"GreekFire2": "Греческий огонь",
		"GreekFire3": "Греческий огонь",
		"GreenCounterweight": "Противовес",
		"GreenFairy": "Розовая фея",
		"GreenLaser": "Зеленый лазер",
		"Grenade": "Граната",
		"GrenadeI": "Граната",
		"GrenadeII": "Граната",
		"GrenadeIII": "Граната",
		"GrenadeIV": "Граната",
		"Gungnir": "Гунгнир",
		"HallowSpray": "Раствор святости",
		"HallowStar": "Звезда освящения",
		"Hamdrax": "Мотобур",
		"HappyBomb": "Веселая бомба",
		"Harpoon": "Гарпун",
		"HarpyFeather": "Перо гарпии",
		"Headstone": "Надгробная плита",
		"HeatRay": "Тепловой луч",
		"HelFire": "Йо-йо",
		"HellfireArrow": "Стрела адского огня",
		"Hellwing": "Адское крыло",
		"HolyArrow": "Святая стрела",
		"HolyWater": "Святая вода",
		"Hook": "Крюк",
		"Hornet": "Шершень",
		"HornetStinger": "Жало шершня",
		"IceBlock": "Лед",
		"IceBolt": "Ледяной снаряд",
		"IceBoomerang": "Ледяной бумеранг",
		"IceSickle": "Ледяная коса",
		"IceSpike": "Ледяное копье",
		"IcewaterSpit": "Ледяной плевок",
		"IchorArrow": "Ихорная стрела",
		"IchorBullet": "Ихорная пуля",
		"IchorDart": "Ихорный дротик",
		"IchorSplash": "Ихорный всплеск",
		"IlluminantHook": "Крюк",
		"ImpFireball": "Огненный шар чертенка",
		"InfernoFriendlyBlast": "Инферно",
		"InfernoFriendlyBolt": "Инферно",
		"InfernoHostileBlast": "Инферно",
		"InfernoHostileBolt": "Инферно",
		"InfluxWaver": "Колебатель приливов",
		"IvyWhip": "Хлыст",
		"JackOLantern": "Светильник Джека",
		"JavelinFriendly": "Копье",
		"JavelinHostile": "Копье",
		"JestersArrow": "Стрела Джестера",
		"JumperSpider": "Паук-прыгун",
		"JungleSpike": "Копье джунглей",
		"JungleYoyo": "Йо-йо",
		"Kraken": "Йо-йо",
		"Landmine": "Противопехотная мина",
		"LaserDrill": "Лазерный бур",
		"LaserMachinegun": "Лазерный пулемет",
		"LaserMachinegunLaser": "Лазер",
		"LastPrism": "Последняя призма",
		"LastPrismLaser": "Последняя призма",
		"Leaf": "Лист",
		"LightBeam": "Луч света",
		"LightDisc": "Диск света",
		"LostSoulFriendly": "Потерянная душа",
		"LostSoulHostile": "Потерянная душа",
		"LovePotion": "Любовное зелье",
		"LunarFlare": "Лунная вспышка",
		"LunarHookNebula": "Лунный крюк",
		"LunarHookSolar": "Лунный крюк",
		"LunarHookStardust": "Лунный крюк",
		"LunarHookVortex": "Лунный крюк",
		"MagicDagger": "Магический кинжал",
		"MagicLantern": "Магический светильник",
		"MagicMissile": "Волшебная ракета",
		"MagnetSphereBall": "Магнитная сфера",
		"MagnetSphereBolt": "Магнитная сфера",
		"MartianTurretBolt": "Электрический снаряд",
		"MartianWalkerLaser": "Лазерный луч",
		"MechanicalPiranha": "Механическая пиранья",
		"MechanicWrench": "Гаечный ключ механика",
		"MedusaHead": "Луч медузы",
		"MedusaHeadRay": "Луч медузы",
		"Meowmere": "Мяумур",
		"Meteor1": "Метеорит",
		"Meteor2": "Метеорит",
		"Meteor3": "Метеорит",
		"MeteorShot": "Метеоритовая пуля",
		"MinecartMechLaser": "Лазер вагонетки",
		"MiniMinotaur": "Мини-минотавр",
		"MiniRetinaLaser": "Лазер Ретанимини",
		"MiniSharkron": "Мини-акулон",
		"Missile": "Ракета",
		"MolotovCocktail": "Коктейль Молотова",
		"MolotovFire": "Огонь Молотова",
		"MolotovFire2": "Огонь Молотова",
		"MolotovFire3": "Огонь Молотова",
		"MoonLeech": "Лунная пиявка",
		"MoonlordArrow": "Люминитовая стрела",
		"MoonlordArrowTrail": "Люминитовая стрела",
		"MoonlordBullet": "Люминитовая пуля",
		"MoonlordTurret": "Лунный портал",
		"MoonlordTurretLaser": "Лазер лунного портала",
		"MudBall": "Грязь",
		"Mushroom": "Гриб",
		"MushroomSpear": "Грибное копье",
		"MushroomSpray": "Грибной раствор",
		"MythrilChainsaw": "Мифриловая бензопила",
		"MythrilDrill": "Мифриловый бур",
		"MythrilHalberd": "Мифриловая алебарда",
		"Nail": "Гвоздь",
		"NailFriendly": "Гвоздь",
		"NanoBullet": "Нанопуля",
		"NebulaArcanum": "Туманный арканум",
		"NebulaArcanumExplosionShot": "Туманный арканум",
		"NebulaArcanumExplosionShotShard": "Туманый арканум",
		"NebulaArcanumSubshot": "Туманный арканум",
		"NebulaBlaze1": "Пламя туманности",
		"NebulaBlaze2": "Пламя туманности X",
		"NebulaBolt": "Разряд туманности",
		"NebulaChainsaw": "Бензопила туманности",
		"NebulaDrill": "Бур туманности",
		"NebulaEye": "Глаз туманности",
		"NebulaLaser": "Лазер туманности",
		"NebulaSphere": "Сфера туманности",
		"NettleBurstEnd": "Крапивный взрыв",
		"NettleBurstLeft": "Крапивный взрыв",
		"NettleBurstRight": "Крапивный взрыв",
		"NightBeam": "Луч ночи",
		"None": "",
		"NorthPoleSnowflake": "Северный полюс",
		"NorthPoleSpear": "Северный полюс",
		"NorthPoleWeapon": "Северный полюс",
		"NurseSyringeHeal": "Шприц",
		"NurseSyringeHurt": "Шприц",
		"Obelisk": "Надгробная плита",
		"ObsidianSwordfish": "Обсидиановая рыба-меч",
		"OneEyedPirate": "Одноглазый пират",
		"OrichalcumChainsaw": "Орихалковая бензопила",
		"OrichalcumDrill": "Орихалковый бур",
		"OrichalcumHalberd": "Орихалковая алебарда",
		"OrnamentFriendly": "Орнамент",
		"OrnamentHostile": "Орнамент",
		"OrnamentHostileShrapnel": "Орнамент",
		"PainterPaintball": "Пейнтбол",
		"PaladinsHammerFriendly": "Молот паладина",
		"PaladinsHammerHostile": "Молот паладина",
		"PalladiumChainsaw": "Палладиевая бензопила",
		"PalladiumDrill": "Палладиевый бур",
		"PalladiumPike": "Палладиевая пика",
		"Parrot": "Попугай",
		"PartyBullet": "Ядовитая пуля",
		"PartyGirlGrenade": "Граната с конфетти",
		"PearlSandBallFalling": "Жемчужный песок",
		"PearlSandBallGun": "Жемчужный песок",
		"Penguin": "Пингвин",
		"PetLizard": "Ручная ящерица",
		"Phantasm": "Фантазм",
		"PhantasmalBolt": "Фантазматический снаряд",
		"PhantasmalDeathray": "Фантазматический луч смерти",
		"PhantasmalEye": "Фантазматический глаз",
		"PhantasmalSphere": "Фантазматическая сфера",
		"PhantasmArrow": "Фантазм",
		"PhasicWarpDisc": "",
		"PhasicWarpEjector": "",
		"PineNeedleFriendly": "Сосновая иголка",
		"PineNeedleHostile": "Сосновая иголка",
		"PinkFairy": "Розовая фея",
		"PinkLaser": "Розовый лазер",
		"PirateCaptain": "Капитан пиратов",
		"PlatinumCoin": "Платиновая монета",
		"PlatinumCoinsFalling": "Платиновые монеты",
		"PoisonDart": "Отравленный дротик",
		"PoisonDartBlowgun": "Отравленный дротик",
		"PoisonDartTrap": "Отравленный дротик",
		"PoisonedKnife": "Отравленный нож",
		"PoisonFang": "Ядовитый клык",
		"PoisonSeedPlantera": "Ядовитое семечко",
		"PortalGun": "Портальная пушка",
		"PortalGunBolt": "Портальный снаряд",
		"PortalGunGate": "Портальные врата",
		"PossessedHatchet": "Одержимый топорик",
		"Present": "Подарок",
		"ProximityMineI": "Мина",
		"ProximityMineII": "Мина",
		"ProximityMineIII": "Мина",
		"ProximityMineIV": "Мина",
		"PulseBolt": "Импульсный снаряд",
		"Puppy": "Щенок",
		"PureSpray": "Раствор очищения",
		"PurificationPowder": "Очищающий порошок",
		"PurpleCounterweight": "Противовес",
		"PurpleLaser": "Фиолетовый лазер",
		"Pygmy": "Пигмей",
		"Pygmy2": "Пигмей",
		"Pygmy3": "Пигмей",
		"Pygmy4": "Пигмей",
		"PygmySpear": "Пигмей",
		"QuarterNote": "Записка",
		"RainbowBack": "Радуга",
		"RainbowCrystal": "Радужный кристалл",
		"RainbowCrystalExplosion": "Радужный взрыв",
		"RainbowFront": "Радуга",
		"RainbowRodBullet": "Радуга",
		"RainCloudMoving": "Дождевое облако",
		"RainCloudRaining": "Дождевое облако",
		"RainFriendly": "Дождь",
		"RainNimbus": "Дождь",
		"Rally": "Йо-йо",
		"Raven": "Ворон",
		"RayGunnerLaser": "Лазерный луч",
		"RedCounterweight": "Противовес",
		"RedsYoyo": "Йо-йо",
		"Retanimini": "Ретанимини",
		"RichGravestone1": "Надгробная плита",
		"RichGravestone2": "Надгробная плита",
		"RichGravestone3": "Надгробная плита",
		"RichGravestone4": "Надгробная плита",
		"RichGravestone5": "Надгробная плита",
		"RocketFireworkBlue": "Ракета",
		"RocketFireworkGreen": "Ракета",
		"RocketFireworkRed": "Ракета",
		"RocketFireworksBoxBlue": "Ракета",
		"RocketFireworksBoxGreen": "Ракета",
		"RocketFireworksBoxRed": "Ракета",
		"RocketFireworksBoxYellow": "Ракета",
		"RocketFireworkYellow": "Ракета",
		"RocketI": "Ракета",
		"RocketII": "Ракета",
		"RocketIII": "Ракета",
		"RocketIV": "Ракета",
		"RocketSkeleton": "Ракета",
		"RocketSnowmanI": "Ракета",
		"RocketSnowmanII": "Ракета",
		"RocketSnowmanIII": "Ракета",
		"RocketSnowmanIV": "Ракета",
		"RopeCoil": "Моток веревки",
		"RottenEgg": "Тухлое яйцо",
		"RubyBolt": "Рубиновый снаряд",
		"RuneBlast": "Рунический снаряд",
		"SalamanderSpit": "Яд",
		"SandBallFalling": "Песок",
		"SandBallGun": "Песок",
		"SandnadoFriendly": "Древний шторм",
		"SandnadoHostile": "Древний шторм",
		"SandnadoHostileMark": "Древний шторм",
		"SantaBombs": "Новогодний узор",
		"Sapling": "Растеньице",
		"SapphireBolt": "Сапфировый снаряд",
		"SaucerDeathray": "Марсианский луч смерти",
		"SaucerLaser": "Лазер летающей тарелки",
		"SaucerMissile": "Марсианская ракета",
		"SaucerScrap": "Обломок летающей тарелки",
		"SawtoothShark": "Пилозубая акула",
		"ScutlixLaser": "Лазер",
		"ScutlixLaserCrosshair": "Прицел скутликса",
		"ScutlixLaserFriendly": "Лазер скутликса",
		"Seed": "Семечко",
		"SeedlerNut": "Сеятель",
		"SeedlerThorn": "Сеятель",
		"SeedPlantera": "Семечко",
		"ShadowBeamFriendly": "Луч тени",
		"ShadowBeamHostile": "Луч тени",
		"ShadowFlame": "Теневое пламя",
		"ShadowFlameArrow": "Стрела адского пламени",
		"ShadowFlameKnife": "Нож теневого пламени",
		"Shadowflames": "Теневое пламя",
		"ShadowOrb": "Сфера тени",
		"Sharknado": "Акулонадо",
		"SharknadoBolt": "Снаряд акулонадо",
		"Shuriken": "Сюрикен",
		"SilkRopeCoil": "Моток веревки",
		"SiltBall": "Ил",
		"SilverCoin": "Серебряная монета",
		"SilverCoinsFalling": "Серебряные монеты",
		"SkeletonBone": "Кость",
		"SkeletronHand": "Рука Скелетрона",
		"Skull": "Череп",
		"SkyFracture": "Небесный разлом",
		"SlimeGun": "Слизневый пистолет",
		"SlimeHook": "Слизневый крюк",
		"SlushBall": "Слякоть",
		"SmokeBomb": "Дымовая бомба",
		"SniperBullet": "Снайперская пуля",
		"SnowBallFriendly": "Снежок",
		"SnowBallHostile": "Снежок",
		"SolarCounter": "Солнечное излучение",
		"SolarFlareChainsaw": "Бензопила солнечной вспышки",
		"SolarFlareDrill": "Бур солнечной вспышки",
		"SolarFlareRay": "Солнечная вспышка",
		"SolarWhipSword": "Солнечное извержение",
		"SolarWhipSwordExplosion": "Солнечное извержение",
		"SoulDrain": "Похищение души",
		"SoulscourgePirate": "Пират-душегуб",
		"Spark": "Искра",
		"Spazmamini": "Спазмамини",
		"Spear": "Копье",
		"SpearTrap": "Копье",
		"SpectreWrath": "Спектральный гнев",
		"SpelunkerGlowstick": "Светящаяся палочка шахтера",
		"Spider": "Паук",
		"SpiderEgg": "Паучье яйцо",
		"SpiderHiver": "Паучья турель",
		"Spike": "Шип",
		"SpikedSlimeSpike": "Копье слизней",
		"SpikyBall": "Колючий шар",
		"SpikyBallTrap": "Колючий шар",
		"SpiritFlame": "Пламя духа",
		"SpiritHeal": "Духовное лечение",
		"SporeCloud": "Споровое облако",
		"SporeGas": "Спора",
		"SporeGas2": "Спора",
		"SporeGas3": "Спора",
		"SporeTrap": "Спора",
		"SporeTrap2": "Спора",
		"Squashling": "Тыковка",
		"Stake": "Кол",
		"StarAnise": "Звездчатый анис",
		"StardustCellMinion": "Клетка звездной пыли",
		"StardustCellMinionShot": "Клетка звездной пыли",
		"StardustChainsaw": "Бензопила звездной пыли",
		"StardustDragon1": "Дракон звездной пыли",
		"StardustDragon2": "Дракон звездной пыли",
		"StardustDragon3": "Дракон звездной пыли",
		"StardustDragon4": "Дракон звездной пыли",
		"StardustDrill": "Бур звездной пыли",
		"StardustGuardian": "Хранитель звездной пыли",
		"StardustGuardianExplosion": "Звездная вспышка",
		"StardustJellyfishSmall": "Захватчик потока",
		"StardustSoldierLaser": "Лазер звездной пыли",
		"StardustTowerMark": "Звездная отметка",
		"Starfury": "Звездная ярость",
		"StarWrath": "Звездная ярость",
		"StaticHook": "Неподвижный крюк",
		"StickyBomb": "Бомба-липучка",
		"StickyDynamite": "Липкий динамит",
		"StickyGlowstick": "Липкая светящаяся палочка",
		"StickyGrenade": "Липкая граната",
		"Stinger": "Жало",
		"Stynger": "Стингер",
		"StyngerShrapnel": "Стингер",
		"Sunfury": "Солнечная ярость",
		"SuspiciousTentacle": "Подозрительно выглядящее щупальце",
		"SwordBeam": "Луч меча",
		"Swordfish": "Рыба-меч",
		"Tempest": "Буря",
		"TendonHook": "Крюк",
		"TerraBeam": "Луч земли",
		"Terrarian": "Террариан",
		"TerrarianBeam": "Террариан",
		"TheDaoofPow": "Дао Пуха",
		"TheEyeOfCthulhu": "Йо-йо",
		"TheMeatball": "Фрикаделька",
		"TheRottedFork": "Гнилая вилка",
		"ThornBall": "Шипастый шар",
		"ThornChakram": "Колючий чакрам",
		"ThornHook": "Крюк",
		"ThrowingKnife": "Метательный нож",
		"TiedEighthNote": "Записка",
		"TikiSpirit": "Дух Тики",
		"TinyEater": "Малый пожиратель",
		"TitaniumChainsaw": "Титановая бензопила",
		"TitaniumDrill": "Титановый бур",
		"TitaniumTrident": "Титановый трезубец",
		"Tombstone": "Надгробная плита",
		"TopazBolt": "Топазовый снаряд",
		"TowerDamageBolt": "Выпущенная энергия",
		"ToxicBubble": "Токсический пузырь",
		"ToxicCloud": "Токсическое облако",
		"ToxicCloud2": "Токсическое облако",
		"ToxicCloud3": "Токсическое облако",
		"ToxicFlask": "Колба с токсинами",
		"TrackHook": "Рельсовый крюк",
		"Trident": "Трезубец",
		"Truffle": "Трюфель",
		"TruffleSpore": "Спора трюфеля",
		"Turtle": "Черепаха",
		"Twinkle": "Искорка",
		"Typhoon": "Тайфун",
		"UFOLaser": "Луч НЛО",
		"UFOMinion": "НЛО",
		"UnholyArrow": "Нечестивая стрела",
		"UnholyTridentFriendly": "Нечестивый трезубец",
		"UnholyTridentHostile": "Нечестивый трезубец",
		"UnholyWater": "Нечестивая вода",
		"ValkyrieYoyo": "Йо-йо",
		"Valor": "Йо-йо",
		"VampireHeal": "Вампирское лечение",
		"VampireKnife": "Вампирские ножи",
		"VenomArrow": "Ядовитая стрела",
		"VenomBullet": "Ядовитая пуля",
		"VenomFang": "Ядовитый клык",
		"VenomSpider": "Ядовитый паук",
		"ViciousPowder": "Порочная пыль",
		"VilePowder": "Ужасный порошок",
		"VilethornBase": "Злая колючка",
		"VilethornTip": "Злая колючка",
		"VineRopeCoil": "Моток лозы",
		"VortexAcid": "Замазка чужих",
		"VortexBeater": "Пушка вихря",
		"VortexBeaterRocket": "Ракета вихря",
		"VortexChainsaw": "Бензопила вихря",
		"VortexDrill": "Бур вихря",
		"VortexLaser": "Лазер вихря",
		"VortexLightning": "Молния вихря",
		"VortexVortexLightning": "Вихрь",
		"VortexVortexPortal": "Вихрь",
		"Wasp": "Оса",
		"WaterBolt": "Водяной выстрел",
		"WaterGun": "Водяной пистолет",
		"WaterStream": "Водный скипетр",
		"Web": "Паутина",
		"WebRopeCoil": "Моток веревки",
		"WebSpit": "Плевок паутиной",
		"WireKite": "Руководство по проволоке",
		"Wisp": "Дух",
		"WoodenArrowFriendly": "Деревянная стрела",
		"WoodenArrowHostile": "Деревянная стрела",
		"WoodenBoomerang": "Деревянный бумеранг",
		"WoodHook": "Деревянный крюк",
		"WoodYoyo": "Йо-йо",
		"WormHook": "Крюк",
		"Xenopopper": "Ксенопушка",
		"Yelets": "Йо-йо",
		"YellowCounterweight": "Противовес",
		"ZephyrFish": "Рыба-зефир",
		"Ale": "Эль",
		"ApprenticeStaffT3Shot": "Ярость Бетси",
		"BookStaffShot": "Книга бесконечной мудрости",
		"DD2ApprenticeStorm": "Вихрь бесконечной мудрости",
		"DD2BallistraProj": "Баллиста",
		"DD2BallistraTowerT1": "Баллиста",
		"DD2BallistraTowerT2": "Баллиста",
		"DD2BallistraTowerT3": "Баллиста",
		"DD2BetsyArrow": "Воздушное проклятие",
		"DD2BetsyFireball": "Файербол Бетси",
		"DD2BetsyFlameBreath": "Дыхание Бетси",
		"DD2DarkMageBolt": "Темная энергия",
		"DD2DarkMageHeal": "Темная печать",
		"DD2DarkMageRaise": "Темная печать",
		"DD2DrakinShot": "Дракин",
		"DD2ElderWins": "Мрачный конец",
		"DD2ExplosiveTrapT1": "Ловушка со взрывчаткой",
		"DD2ExplosiveTrapT1Explosion": "Ловушка со взрывчаткой",
		"DD2ExplosiveTrapT2": "Ловушка со взрывчаткой",
		"DD2ExplosiveTrapT2Explosion": "Ловушка со взрывчаткой",
		"DD2ExplosiveTrapT3": "Ловушка со взрывчаткой",
		"DD2ExplosiveTrapT3Explosion": "Ловушка со взрывчаткой",
		"DD2GoblinBomb": "Бомба гоблина",
		"DD2LightningAuraT1": "Аура света",
		"DD2LightningAuraT2": "Аура света",
		"DD2LightningAuraT3": "Аура света",
		"DD2LightningBugZap": "Иссушающий выстрел",
		"DD2OgreSmash": "Топот огра",
		"DD2OgreSpit": "Плевок огра",
		"DD2OgreStomp": "Топот огра",
		"DD2PetDragon": "Жаднодракон",
		"DD2PetGato": "Котопропеллер",
		"DD2PetGhost": "Огонек",
		"DD2PhoenixBow": "Призрачный феникс",
		"DD2PhoenixBowShot": "Призрачный феникс",
		"DD2SquireSonicBoom": "Сердечная волна",
		"DD2Win": "Победа!",
		"MonkStaffT1": "Сонный осьминог",
		"MonkStaffT1Explosion": "Встряска удочкой",
		"MonkStaffT2": "Жуткая глефа",
		"MonkStaffT2Ghast": "Жуть",
		"MonkStaffT3": "Ярость небесного дракона",
		"MonkStaffT3_Alt": "Ярость небесного дракона",
		"MonkStaffT3_AltShot": "Ярость небесного дракона",
		"DD2JavelinHostileT3": "{$ProjectileName.DD2JavelinHostile}"
	}
}