{
	"Announcement": {
		"HasBeenDefeated_Plural": "{0} han sufrido una derrota.",
		"HasBeenDefeated_Single": "{0} ha sufrido una derrota.",
		"HasAwoken": "{0} ha despertado.",
		"HasArrived": "{0} ha llegado."
	},
	"ArmorSetBonus": {
		"MetalTier1": "2 defensa",
		"MetalTier2": "3 defensa",
		"CobaltRanged": "Probabilidad del 20% de no gastar munición",
		"MythrilCaster": "Reduce el uso de maná en un 17%",
		"MythrilMelee": "Aumenta un 5% la probabilidad de ataque crítico en el cuerpo a cuerpo",
		"MythrilRanged": "Probabilidad del 20% de no gastar munición",
		"AdamantiteCaster": "Reduce el uso de maná en un 19%",
		"AdamantiteMelee": "Aumenta en un 18% la velocidad de movimiento y del cuerpo a cuerpo",
		"AdamantiteRanged": "Probabilidad del 25% de no gastar munición",
		"HallowCaster": "Reduce el uso de maná en un 20%",
		"HallowMelee": "Aumenta en un 19% la velocidad de movimiento y del cuerpo a cuerpo",
		"HallowRanged": "Probabilidad del 25% de no gastar munición",
		"ShadowScale": "Aumenta en un 15% la velocidad de movimiento",
		"Wood": "1 defensa",
		"Crimson": "Mejora mucho la regeneración de vida",
		"Frost": "Los ataques cuerpo a cuerpo y a distancia producen quemaduras gélidas",
		"Tiki": "Aumenta el máximo de súbditos que puedes tener",
		"Palladium": "Mejora mucho la regeneración de vida tras golpear a un enemigo",
		"Orichalcum": "Caerán pétalos sobre el objetivo para infligir daño extra",
		"Titanium": "Te vuelves inmune tras golpear a un enemigo",
		"Chlorophyte": "Invoca una poderosa hoja de cristal que se lanza a los enemigos cercanos",
		"Wizard": "Aumenta un 10% la probabilidad de impacto mágico crítico",
		"Turtle": "Los atacantes también sufren el daño completo",
		"Meteor": "La pistola espacial no cuesta maná",
		"SpectreHealing": "El daño mágico infligido a los enemigos curará al jugador con menos vida",
		"Shroomite": "Si no te mueves entrarás en sigilo,\ncon lo que aumentará tu habilidad de ataque a distancia y se reducirá la posibilidad de que te ataquen los enemigos",
		"Platinum": "4 defensa",
		"Pumpkin": "Aumenta un 10% el daño",
		"Spooky": "Aumenta un 25% el daño de los súbditos",
		"SpectreDamage": "El daño mágico infligido hará daño extra a los enemigos cercanos",
		"MagicHat": "Aumenta el maná máximo en 60",
		"BeetleDefense": "Los escarabajos te protegen del daño",
		"BeetleDamage": "Los escarabajos aumentan la velocidad y el daño cuerpo a cuerpo",
		"Bee": "Aumenta un 10% el daño de los súbditos",
		"Bone": "Probabilidad del 20% de no gastar munición",
		"Spider": "Aumenta un 12% el daño de los súbditos",
		"Ninja": "Probabilidad del 33% de no gastar el objeto lanzado",
		"Fossil": "Probabilidad del 50% de no gastar el objeto lanzado",
		"Solar": "Con el tiempo, se generan escudos solares que te protegen,\nconsumes la energía de escudo al correr y dañas a los enemigos",
		"Vortex": "Pulsa dos veces {0} para entrar en sigilo o dejarlo,\ncon lo que aumentas tu habilidad a distancia y reduces la probabilidad de que los enemigos te ataquen, aunque se reduce tu velocidad de movimiento",
		"Nebula": "Al dañar a los enemigos, tendrás una probabilidad de provocar debilitaciones\ny generar mejoras para acumular potenciadores",
		"Stardust": "Pulsa dos veces {0} para enviar a tu guardián hacia una posición",
		"Forbidden": "Pulsa dos veces {0} para invocar una antigua tormenta en la posición del cursor",
		"Jungle": "Reduce el uso de maná en un 16%",
		"Molten": "Aumenta en un 17% el daño cuerpo a cuerpo",
		"Mining": "Aumenta en un 30% la velocidad de excavación",
		"CobaltCaster": "Reduce el uso de maná en un 14%",
		"CobaltMelee": "Aumenta un 15% la velocidad del cuerpo a cuerpo",
		"ApprenticeTier2": "Aumenta el número máximo de centinelas\nAumentan drásticamente el campo de visión y el alcance de las Explosiones de llamas",
		"ApprenticeTier3": "Aumenta el número máximo de centinelas\nAumenta notablemente la efectividad de las Explosiones de llamas",
		"HuntressTier2": "Aumenta el número máximo de centinelas\nLas trampas explosivas se recargan más rápido y bañan de aceite a los enemigos\nPrende fuego a los enemigos bañados en aceite para infligirles daño extra",
		"HuntressTier3": "Aumenta el número máximo de centinelas\nAumenta notablemente la efectividad de las trampas explosivas",
		"MonkTier2": "Aumenta el número máximo de centinelas\nAhora, Aura de rayo puede infligir golpes críticos y atacar más rápido",
		"MonkTier3": "Aumenta el número máximo de centinelas\nAumenta notablemente la efectividad de Aura de rayo",
		"SquireTier2": "Aumenta el número máximo de centinelas\nLa balista perfora a más objetivos y asusta si sufres daños",
		"SquireTier3": "Aumenta el número máximo de centinelas\nAumenta notablemente la efectividad de las balistas"
	},
	"BuffDescription": {
		"AmmoBox": "Probabilidad del 20% de no gastar munición",
		"AmmoReservation": "Probabilidad del 20% de no gastar munición",
		"Archery": "Aumenta en un 20% la velocidad y el daño de las flechas",
		"BabyDinosaur": "Te está siguiendo un bebé dinosaurio",
		"BabyEater": "Te está siguiendo un bebé comealmas",
		"BabyFaceMonster": "Te está siguiendo un bebé caramonstruo",
		"BabyGrinch": "Te está siguiendo un pequeño Grinch",
		"BabyHornet": "Piensa que eres su madre",
		"BabyPenguin": "Creo que quiere una zanahoria",
		"BabySkeletronHead": "No preguntes…",
		"BabySlime": "El slime bebé luchará por ti",
		"BabySnowman": "Te está siguiendo un muñeco de nieve bebé",
		"BabyTruffle": "¿A que es adoraaable?",
		"BallistaPanic": "¡Tus balistas disparan más rápido al estar asustadas!",
		"BasiliskMount": "Destrózalo todo... ¡y a todos!",
		"Battle": "Aumenta la velocidad de regeneración del enemigo",
		"BeeMount": "BzzzBzzBZZZZBzzz",
		"BeetleEndurance1": "El daño sufrido se reduce en un 15%",
		"BeetleEndurance2": "El daño sufrido se reduce en un 30%",
		"BeetleEndurance3": "El daño sufrido se reduce en un 45%",
		"BeetleMight1": "El daño cuerpo a cuerpo y la velocidad aumentan un 10%",
		"BeetleMight2": "El daño cuerpo a cuerpo y la velocidad aumentan un 20%",
		"BeetleMight3": "El daño cuerpo a cuerpo y la velocidad aumentan un 30%",
		"BetsysCurse": "Se reduce la defensa",
		"Bewitched": "Aumenta el máximo de súbditos que puedes tener",
		"BlackCat": "Te está siguiendo una gata negra",
		"Blackout": "La visión se ve reducida ligeramente",
		"Bleeding": "No se puede recuperar vida",
		"BoneJavelin": "Desangrándose",
		"BrokenArmor": "La defensa disminuye hasta la mitad",
		"Builder": "Aumenta el alcance y la velocidad de colocación",
		"BunnyMount": "Tienes ganas de zanahorias",
		"Burning": "Pierdes vida y se ralentizan tus movimientos",
		"Calm": "Reduce la agresión de los enemigos",
		"Campfire": "La regeneración de vida ha aumentado un poco",
		"ChaosState": "Usar la Varita de la discordia consume vida",
		"Chilled": "Se ha reducido tu velocidad de movimiento",
		"Clairvoyance": "Aumenta los poderes mágicos",
		"CompanionCube": "Nunca amenazará con apuñalarte porque no puede hablar",
		"Confused": "Invierte los movimientos",
		"Crate": "Más posibilidades de pescar una caja",
		"CrimsonHeart": "Corazón mágico que proporciona luz",
		"Cursed": "No se puede usar ningún objeto",
		"CursedInferno": "Te succiona hacia la Boca",
		"CursedSapling": "Te está siguiendo un retoño maldito",
		"CuteFishronMount": "No permitas que se arrastre",
		"Dangersense": "Puedes ver los peligros cercanos",
		"Darkness": "Disminuye la claridad",
		"Daybreak": "Incinerado por los rayos del sol",
		"Dazed": "El movimiento se ralentiza notablemente",
		"DeadlySphere": "La esfera letal luchará por ti",
		"DrillMount": "A lomos de un taladro volador",
		"DryadsWard": "El poder de la naturaleza te protege",
		"DryadsWardDebuff": "El poder de la naturaleza te empuja",
		"Electrified": "No puedes moverte",
		"Endurance": "Se reduce el daño un 10%",
		"EyeballSpring": "Te está siguiendo un ojo saltarín",
		"FairyBlue": "Un hada te acompaña",
		"FairyGreen": "Un hada te acompaña",
		"FairyRed": "Un hada te acompaña",
		"Featherfall": "Pulsa ARRIBA o ABAJO para controlar la velocidad de descenso",
		"Fishing": "Aumenta el nivel de pesca",
		"Flipper": "Te mueves en el agua de forma normal",
		"Frostburn": "El 25% del daño sufrido se desviará a otro jugador O está muy caliente o está muy frío… lo que está claro es que DUELE",
		"Frozen": "¡No te puedes mover!",
		"Gills": "Permite respirar agua en vez de aire",
		"Gravitation": "Pulsa ARRIBA para invertir la gravedad",
		"HeartLamp": "Aumenta la regeneración de vida",
		"Heartreach": "Aumenta el alcance de recolección de corazones",
		"Honey": "Ha aumentado la regeneración de vida",
		"HornetMinion": "El avispón luchará por ti",
		"Horrified": "Has visto algo horrible...",
		"Hunter": "Muestra la ubicación de los enemigos",
		"IceBarrier": "El daño sufrido se reduce en un 25%",
		"Ichor": "Defensa reducida",
		"ImpMinion": "El diablillo luchará por ti",
		"Inferno": "Se prende fuego a los enemigos cercanos",
		"Invisibility": "Proporciona invisibilidad",
		"Ironskin": "Aumenta la defensa en 8",
		"LeafCrystal": "Dispara hojas de cristal a los enemigos cercanos",
		"Lifeforce": "Aumenta un 20% la vida máxima",
		"Lovestruck": "¡Estás enamorado!",
		"MagicLantern": "Una linterna encantada te ilumina el camino",
		"MagicPower": "Aumenta el daño de los ataques mágicos en un 20%",
		"ManaRegeneration": "Aumenta la regeneración de maná",
		"ManaSickness": "El daño mágico se reduce en un ",
		"Merfolk": "Respira y se mueve bajo el agua con facilidad",
		"Midas": "Dejas más dinero al morir",
		"MinecartLeft": "Montado en una vagoneta",
		"MinecartLeftMech": "Montado en una vagoneta",
		"MinecartLeftWood": "Montado en una vagoneta",
		"MinecartRight": "Montado en una vagoneta",
		"MinecartRightMech": "Montado en una vagoneta",
		"MinecartRightWood": "Montado en una vagoneta",
		"MiniMinotaur": "¿Cómo se derrota a un pequeño minotauro?",
		"Mining": "Aumenta en un 25% la velocidad de excavación",
		"MonsterBanner": "Aumenta el daño y la defensa de los siguientes:",
		"MoonLeech": "No puedes absorber efectos curativos",
		"NebulaUpDmg1": "Aumenta un 15% el daño",
		"NebulaUpDmg2": "Aumenta un 30% el daño",
		"NebulaUpDmg3": "Aumenta un 45% el daño",
		"NebulaUpLife1": "Aumenta la regeneración de vida",
		"NebulaUpLife2": "Aumenta la regeneración de vida",
		"NebulaUpLife3": "Aumenta la regeneración de vida",
		"NebulaUpMana1": "Aumenta la regeneración de maná",
		"NebulaUpMana2": "Aumenta la regeneración de maná",
		"NebulaUpMana3": "Aumenta la regeneración de maná",
		"NightOwl": "Mejora la visión nocturna",
		"NoBuilding": "¡Has perdido el poder de la creación!",
		"ObsidianSkin": "Inmune a la lava",
		"Obstructed": "¡No puedes ver!",
		"OgreSpit": "El movimiento se reduce de forma significativa",
		"Oiled": "Más daño por estar en llamas",
		"OnFire": "La vida se va perdiendo lentamente",
		"PaladinsShield": "Un 25% del daño sufrido será redirigido a otro jugador",
		"Panic": "Ha aumentado la velocidad de movimiento",
		"ParryDamageBuff": "Un 500% más de daño en el próximo ataque cuerpo a cuerpo",
		"PeaceCandle": "Se reduce el ritmo de aparición de los monstruos",
		"PetBunny": "Creo que quiere tu zanahoria",
		"PetDD2Dragon": "Te está siguiendo un hordragón",
		"PetDD2Gato": "Te está siguiendo un gatocóptero",
		"PetDD2Ghost": "Te está siguiendo un espirillama",
		"PetLizard": "Se pasa la vida arrastrado",
		"PetParrot": "Lorito quiere su galletita",
		"PetSapling": "Te está siguiendo un pequeño retoño",
		"PetSpider": "Te está siguiendo una araña",
		"PetTurtle": "¡Feliz hora de las tortugas!",
		"PigronMount": "Ahora me ves...",
		"PirateMinion": "El pirata luchará por ti",
		"Poisoned": "La vida se va perdiendo lentamente",
		"PotionSickness": "Impide seguir consumiendo objetos curativos",
		"Puppy": "Te está siguiendo un cachorrito",
		"Pygmies": "Los pigmeos lucharán por ti",
		"Rabies": "Aumenta el daño, reduce la regeneración de vida y provoca estados alterados",
		"Rage": "10% de probabilidad de impacto crítico",
		"RapidHealing": "La regeneración de vida ha aumentado mucho",
		"Ravens": "Los cuervos atacarán a tus enemigos",
		"Regeneration": "Regenera la vida",
		"Rudolph": "A lomos del reno de la nariz roja",
		"ScutlixMount": "Pam, pam",
		"ShadowDodge": "Esquivarás el próximo ataque",
		"ShadowFlame": "Perdiendo vida",
		"ShadowOrb": "Orbe mágico que proporciona luz",
		"SharknadoMinion": "El tornado de tiburones luchará por ti",
		"Sharpened": "Las armas cuerpo a cuerpo tienen penetración de armadura",
		"Shine": "Emite luz",
		"Silenced": "No puede utilizar los artículos que requieren maná",
		"Slimed": "Estás pegajoso y pringoso",
		"SlimeMount": "¡BOOOIIING!",
		"Slow": "Disminuye la velocidad de movimiento",
		"SolarShield1": "Se reduce un 30% el daño sufrido y repele a los enemigos al sufrir daños",
		"SolarShield2": "Se reduce un 30% el daño sufrido y repele a los enemigos al sufrir daños",
		"SolarShield3": "Se reduce un 30% el daño sufrido y repele a los enemigos al sufrir daños",
		"Sonar": "Puedes ver lo que ha mordido el anzuelo",
		"SoulDrain": "Aumenta la regeneración de vida",
		"Spelunker": "Muestra la ubicación de tesoros y minerales",
		"SpiderMinion": "La araña luchará por ti",
		"Squashling": "Te está siguiendo un calabacín",
		"StardustDragonMinion": "El dragón de polvo estelar te protegerá",
		"StardustGuardianMinion": "El guardián de polvo estelar te protegerá",
		"StardustMinion": "La célula de polvo estelar luchará por ti",
		"StardustMinionBleed": "siendo pasto de las células",
		"StarInBottle": "Aumenta la regeneración de maná",
		"Stinky": "Hueles fatal",
		"Stoned": "¡Estás completamente petrificado!",
		"Suffocation": "Perdiendo vida",
		"Summoning": "Aumenta el máximo de súbditos que puedes tener",
		"Sunflower": "Aumenta la velocidad de movimiento y se reduce la generación de monstruos",
		"SuspiciousTentacle": "Un ojo de aspecto sospechoso que te ilumina",
		"Swiftness": "Aumenta en un 25% la velocidad de movimiento",
		"TheTongue": "Te están succionando hacia la boca",
		"Thorns": "Los atacantes también sufren daños",
		"TikiSpirit": "Un espíritu amistoso te está siguiendo",
		"Tipsy": "Mejora el ataque cuerpo a cuerpo, pero reduce la defensa",
		"Titan": "Aumenta el retroceso",
		"TurtleMount": "Va despacio por tierra, pero acelera en el agua",
		"TwinEyesMinion": "Los gemelos lucharán por ti",
		"UFOMinion": "El OVNI luchará por ti",
		"UFOMount": "Menos mal que tenías un MAC",
		"UnicornMount": "Carga... ¡con estilo!",
		"Venom": "Perdiendo vida",
		"VortexDebuff": "Se distorsiona la gravedad a tu alrededor",
		"Warmth": "Se reduce el daño de las fuentes de frío",
		"WaterCandle": "Aumenta el ritmo de aparición de los monstruos",
		"WaterWalking": "Pulsa ABAJO para sumergirte",
		"Weak": "Disminuye la capacidad física",
		"WeaponImbueConfetti": "Los ataques cuerpo a cuerpo provocan la aparición de confeti",
		"WeaponImbueCursedFlames": "Los ataques cuerpo a cuerpo infligen llamas malditas a los enemigos",
		"WeaponImbueFire": "Los ataques cuerpo a cuerpo prenden fuego a los enemigos",
		"WeaponImbueGold": "Los ataques cuerpo a cuerpo hacen que los enemigos dejen más oro",
		"WeaponImbueIchor": "Los ataques cuerpo a cuerpo reducen la defensa de los enemigos",
		"WeaponImbueNanites": "Los ataques cuerpo a cuerpo confunden a los enemigos",
		"WeaponImbuePoison": "Los ataques cuerpo a cuerpo envenenan a los enemigos",
		"WeaponImbueVenom": "Los ataques cuerpo a cuerpo infligen Ponzoña a los objetivos",
		"Webbed": "Te has atascado",
		"WellFed": "Pequeñas mejoras a todas las características",
		"Werewolf": "Aumenta la capacidad física",
		"Wet": "Estás chorreando",
		"WindPushed": "¡El viento te mueve como si nada!",
		"Wisp": "Te está siguiendo una voluta",
		"WitheredArmor": "¡Se reduce tu armadura!",
		"WitheredWeapon": "¡Tus ataques son más débiles!",
		"Wrath": "Aumenta un 10% el daño",
		"ZephyrFish": "Le gusta nadar a tu alrededor"
	},
	"BuffName": {
		"AmmoBox": "Caja de munición",
		"AmmoReservation": "Reserva de munición",
		"Archery": "Tiro con arco",
		"BabyDinosaur": "Dinosaurio bebé",
		"BabyEater": "Comealmas bebé",
		"BabyFaceMonster": "Caramonstruo bebé",
		"BabyGrinch": "Grinch bebé",
		"BabyHornet": "Avispón bebé",
		"BabyPenguin": "Pingüino bebé",
		"BabySkeletronHead": "Cabeza de esqueletrón bebé",
		"BabySlime": "Slime bebé",
		"BabySnowman": "Muñeco de nieve bebé",
		"BabyTruffle": "Trufa bebé",
		"BallistaPanic": "¡Pánico balistil!",
		"BasiliskMount": "Montura en basilisco",
		"Battle": "Batalla",
		"BeeMount": "Montura en abeja",
		"BeetleEndurance1": "Resistencia de escarabajo",
		"BeetleEndurance2": "Resistencia de escarabajo",
		"BeetleEndurance3": "Resistencia de escarabajo",
		"BeetleMight1": "Fuerza de escarabajo",
		"BeetleMight2": "Fuerza de escarabajo",
		"BeetleMight3": "Fuerza de escarabajo",
		"BetsysCurse": "Maldición de Besty",
		"Bewitched": "Embrujado",
		"BlackCat": "Gato negro",
		"Blackout": "Apagón",
		"Bleeding": "Hemorragia",
		"BoneJavelin": "Perforado",
		"BrokenArmor": "Armadura rota",
		"Builder": "Constructor",
		"BunnyMount": "Montura en conejo",
		"Burning": "Ardiendo",
		"Calm": "Calmado",
		"Campfire": "Fuego agradable",
		"ChaosState": "Estado de caos",
		"Chilled": "Helado",
		"Clairvoyance": "Clarividencia",
		"CompanionCube": "Cubo de compañía",
		"Confused": "Confusión",
		"Crate": "Caja",
		"CrimsonHeart": "Corazón carmesí",
		"Cursed": "Maldición",
		"CursedInferno": "El Averno",
		"CursedSapling": "Retoño maldito",
		"CuteFishronMount": "Adorable montura de Fishron",
		"Dangersense": "Sentido del peligro",
		"Darkness": "Oscuridad",
		"Daybreak": "Amanecer",
		"Dazed": "Aturdido",
		"DeadlySphere": "Esfera letal",
		"DrillMount": "Montura en taladro",
		"DryadsWard": "Bendición de la dríada",
		"DryadsWardDebuff": "Maldición de la dríada",
		"Electrified": "Electrificado",
		"Endurance": "Resistencia",
		"EyeballSpring": "Ojo saltarín",
		"FairyBlue": "Hada",
		"FairyGreen": "Hada",
		"FairyRed": "Hada",
		"Featherfall": "Caída de pluma",
		"Fishing": "Pescando",
		"Flipper": "Aletas",
		"Frostburn": "Quemadura de hielo",
		"Frozen": "Congelado",
		"Gills": "Agallas",
		"Gravitation": "Gravedad",
		"HeartLamp": "Lámpara del corazón",
		"Heartreach": "Alcanzacorazón",
		"Honey": "Miel",
		"HornetMinion": "Avispón",
		"Horrified": "Terror",
		"Hunter": "Cazador",
		"IceBarrier": "Barrera de hielo",
		"Ichor": "Icor",
		"ImpMinion": "Diablillo",
		"Inferno": "Infierno",
		"Invisibility": "Invisibilidad",
		"Ironskin": "Piel de hierro",
		"LeafCrystal": "Hoja de cristal",
		"Lifeforce": "Fuerza vital",
		"Lovestruck": "Enamorado",
		"MagicLantern": "Linterna mágica",
		"MagicPower": "Poder mágico",
		"ManaRegeneration": "Regeneración de maná",
		"ManaSickness": "Locura de maná",
		"Merfolk": "Tritón",
		"Midas": "Midas",
		"MinecartLeft": "Vagoneta",
		"MinecartLeftMech": "Vagoneta",
		"MinecartLeftWood": "Vagoneta",
		"MinecartRight": "Vagoneta",
		"MinecartRightMech": "Vagoneta",
		"MinecartRightWood": "Vagoneta",
		"MiniMinotaur": "Pequeño minotauro",
		"Mining": "Minería",
		"MonsterBanner": "Estandarte",
		"MoonLeech": "Mordisco lunar",
		"NebulaUpDmg1": "Nebulosa dañina",
		"NebulaUpDmg2": "Nebulosa dañina",
		"NebulaUpDmg3": "Nebulosa dañina",
		"NebulaUpLife1": "Nebulosa vital",
		"NebulaUpLife2": "Nebulosa vital",
		"NebulaUpLife3": "Nebulosa vital",
		"NebulaUpMana1": "Nebulosa de maná",
		"NebulaUpMana2": "Nebulosa de maná",
		"NebulaUpMana3": "Nebulosa de maná",
		"NightOwl": "Noctámbulo",
		"NoBuilding": "Impacto creativo",
		"ObsidianSkin": "Piel de obsidiana",
		"Obstructed": "Obstruido",
		"OgreSpit": "Pringado",
		"Oiled": "Embadurnado",
		"OnFire": "¡En llamas!",
		"PaladinsShield": "Escudo de paladín",
		"Panic": "¡Pánico!",
		"ParryDamageBuff": "Momento impactante",
		"PeaceCandle": "Vela de paz",
		"PetBunny": "Conejo mascota",
		"PetDD2Dragon": "Hordragón",
		"PetDD2Gato": "Gatocóptero",
		"PetDD2Ghost": "Espirillama",
		"PetLizard": "Lagarto mascota",
		"PetParrot": "Loro mascota",
		"PetSapling": "Retoño mascota",
		"PetSpider": "Araña mascota",
		"PetTurtle": "Tortuga mascota",
		"PigronMount": "Montura de cerdidragón",
		"PirateMinion": "Pirata",
		"Poisoned": "Envenenado",
		"PotionSickness": "Enfermedad de poción",
		"Puppy": "Cachorrito",
		"Pygmies": "Pigmeos",
		"Rabies": "Mordisco feroz",
		"Rage": "Furia",
		"RapidHealing": "Curación rápida",
		"Ravens": "Cuervos",
		"Regeneration": "Regeneración",
		"Rudolph": "Rudolph",
		"ScutlixMount": "Montura de scutlix",
		"ShadowDodge": "Esquiva sombría",
		"ShadowFlame": "Llama oscura",
		"ShadowOrb": "Orbe sombrío",
		"SharknadoMinion": "Tornado de tiburones",
		"Sharpened": "Afilado",
		"Shine": "Brillo",
		"Silenced": "Silencio",
		"Slimed": "Slime",
		"SlimeMount": "Montura de slime",
		"Slow": "Lento",
		"SolarShield1": "Llamarada solar",
		"SolarShield2": "Llamarada solar",
		"SolarShield3": "Llamarada solar",
		"Sonar": "Sonar",
		"SoulDrain": "Absorción de vida",
		"Spelunker": "Espeleólogo",
		"SpiderMinion": "Araña",
		"Squashling": "Calabacín",
		"StardustDragonMinion": "Dragón de polvo estelar",
		"StardustGuardianMinion": "Guardián de polvo estelar",
		"StardustMinion": "Célula de polvo estelar",
		"StardustMinionBleed": "Celulado",
		"StarInBottle": "Estrella embotellada",
		"Stinky": "Apestoso",
		"Stoned": "De piedra",
		"Suffocation": "Ahogo",
		"Summoning": "Invocando",
		"Sunflower": "¡Feliz!",
		"SuspiciousTentacle": "Ojo de aspecto sospechoso",
		"Swiftness": "Rapidez",
		"TheTongue": "La Lengua",
		"Thorns": "Espinas",
		"TikiSpirit": "Espíritu tiki",
		"Tipsy": "Beodo",
		"Titan": "Titán",
		"TurtleMount": "Montura de tortuga",
		"TwinEyesMinion": "Gemelos",
		"UFOMinion": "OVNI",
		"UFOMount": "Montura en OVNI",
		"UnicornMount": "Montura en unicornio",
		"Venom": "Ponzoña",
		"VortexDebuff": "Distorsionado",
		"Warmth": "Calor",
		"WaterCandle": "Vela de agua",
		"WaterWalking": "Flotación",
		"Weak": "Débil",
		"WeaponImbueConfetti": "Arma imbuida: Confeti",
		"WeaponImbueCursedFlames": "Arma imbuida: Llamas malditas",
		"WeaponImbueFire": "Arma imbuida: Llamas",
		"WeaponImbueGold": "Arma imbuida: Oro",
		"WeaponImbueIchor": "Arma imbuida: Icor",
		"WeaponImbueNanites": "Arma imbuida: Nanitos",
		"WeaponImbuePoison": "Arma imbuida: Veneno",
		"WeaponImbueVenom": "Arma imbuida: Ponzoña",
		"Webbed": "Enteralañado",
		"WellFed": "Bien alimentado",
		"Werewolf": "Hombre lobo",
		"Wet": "Húmedo",
		"WindPushed": "Viento fuerte",
		"Wisp": "Voluta",
		"WitheredArmor": "Armadura marchita",
		"WitheredWeapon": "Arma marchita",
		"Wrath": "Ira",
		"ZephyrFish": "Pez de zafiro"
	},
	"MapObject": {
		"Adamantite": "Adamantita",
		"AnimalSkin": "Piel de animal",
		"Anvil": "Yunque",
		"Banner": "Estandarte",
		"BeeHive": "Colmena de abejas",
		"Chair": "Silla",
		"Chandelier": "Lámpara araña",
		"Chlorophyte": "Clorofita",
		"ChristmasLight": "Luz navideña",
		"Cobalt": "Cobalto",
		"Copper": "Cobre",
		"CrimsonAltar": "Altar carmesí",
		"Crimtane": "Carmesí",
		"DemonAltar": "Altar demoníaco",
		"Demonite": "Endemoniado",
		"Door": "Puerta",
		"DrippingHoney": "Miel goteando",
		"DrippingLava": "Lava goteando",
		"DrippingWater": "Agua goteando",
		"FloorLamp": "Lámpara de suelo",
		"Fossil": "Fósil",
		"GiantMushroom": "Champiñón gigante",
		"Gold": "Oro",
		"Iron": "Hierro",
		"ItemRack": "Repisa de objetos",
		"Lantern": "Linterna",
		"Larva": "Larva",
		"Lead": "Plomo",
		"LivingWood": "Madera viviente",
		"MetalBar": "Barra metálica",
		"Mythril": "Mithril",
		"OrangeSquirrelCage": "Jaula de ardilla naranja",
		"Orichalcum": "Oricalco",
		"Painting": "Cuadro",
		"Palladium": "Paladio",
		"PalmTree": "Palmera",
		"Picture": "Foto",
		"PineTree": "Pino",
		"PlanterasBulb": "Bulbo de Plantera",
		"Platinum": "Platino",
		"Pot": "Maceta",
		"Rocket": "Cohete",
		"SandFlow": "Fluir de arena",
		"Sapling": "Retoño",
		"SiltExtractinator": "Extractinador de limo",
		"Silver": "Plata",
		"Sink": "Fregadero",
		"Statue": "Estatua",
		"Table": "Mesa",
		"Thorn": "Espina",
		"Thorns": "Espinas",
		"Timer": "Temporizador",
		"Tin": "Aluminio",
		"Titanium": "Titanio",
		"Trap": "Trampa",
		"Tree": "Árbol",
		"Trophy": "Trofeo",
		"Tungsten": "Tungsteno",
		"Turret": "Torreta",
		"Vase": "Jarrón",
		"WaterFountain": "Fuente de agua",
		"Web": "Telaraña"
	},
	"ChatCommand": {
		"Playing_0": "{$LegacyMultiplayer.6}",
		"Playing_1": "{$LegacyMultiplayer.21}",
		"Roll": "{$LegacyMultiplayer.8}",
		"Party": "/p",
		"Emote": "/me"
	}
}