{
	"LegacyWorldGen": {
		"0": "Generando terreno del mundo",
		"10": "Generando cuevas en la superficie",
		"11": "Generando selva",
		"12": "Generando islas flotantes",
		"13": "Añadiendo parcelas de champiñones",
		"14": "Añadiendo lodo a la tierra",
		"15": "Añadiendo cieno",
		"16": "Añadiendo tesoros",
		"17": "Añadiendo telas de araña",
		"18": "Creando Inframundo",
		"19": "Añadiendo cursos de agua",
		"1": "Añadiendo arena",
		"20": "Corrompiendo el mundo",
		"21": "Generando cuevas en montañas",
		"22": "Creando playas",
		"23": "Añadiendo gemas",
		"24": "Gravitando arena",
		"25": "Limpiando de tierra los entornos",
		"26": "Colocando altares",
		"27": "Distribuyendo líquidos",
		"28": "Colocando cristales de vida",
		"29": "Colocando estatuas",
		"2": "Generando colinas",
		"30": "Ocultando tesoros",
		"31": "Ocultando más tesoros",
		"32": "Ocultando tesoros en la selva",
		"33": "Ocultando tesoros en el agua",
		"34": "Colocando trampas",
		"35": "Colocando objetos quebradizos",
		"36": "Colocando forjas infernales",
		"37": "Plantando césped",
		"38": "Plantando cactus",
		"39": "Plantando girasoles",
		"3": "Amontonando tierra",
		"40": "Plantando árboles",
		"41": "Plantando hierbas",
		"42": "Plantando hierbajos",
		"43": "Plantando enredaderas",
		"44": "Plantando flores",
		"45": "Cultivando champiñones",
		"46": "Liberando recursos no utilizados",
		"47": "Reiniciando objetos del juego",
		"48": "Estableciendo modo Difícil",
		"49": "Guardando datos del mundo:",
		"4": "Añadiendo rocas a la tierra",
		"50": "Haciendo copia de seguridad del archivo del mundo",
		"51": "Cargando datos del mundo:",
		"52": "Comprobando alineación de la cuadrícula:",
		"53": "¡Error al cargar!",
		"54": "No se ha encontrado copia de seguridad.",
		"55": "Encontrando frames de cuadrículas:",
		"56": "Añadiendo de nieve",
		"57": "Mundo",
		"58": "Creando mazmorra",
		"59": "¡Ha caído un meteorito!",
		"5": "Añadiendo tierra a las rocas",
		"60": "Suavizando el mundo",
		"61": "Musguificando",
		"62": "Gemificando",
		"63": "Creando las paredes de las cuevas",
		"64": "Criando las arañas de las cuevas",
		"65": "Borrando datos de mapa:",
		"66": "Guardando datos de mapa:",
		"67": "Cargando datos de mapa:",
		"68": "Trazando mapa:",
		"69": "Creando cascadas",
		"6": "Añadiendo arcilla",
		"70": "Creando ruinas selvática",
		"71": "Creando nidos de avispas",
		"72": "Creando un mundo sangriento",
		"73": "Validando el mundo guardado:",
		"74": "¡Llueven slimes!",
		"75": "Han dejado de llover slimes.",
		"76": "Generando estructuras",
		"77": "Añadiendo más hierba",
		"78": "Desertificando",
		"79": "Alegrando las paredes",
		"7": "Generando agujeros aleatorios",
		"80": "Cincelando mármol",
		"81": "Generando granito",
		"8": "Generando cuevas pequeñas",
		"9": "Generando cuevas grandes"
	},
	"LegacyDialog": {
		"1": "Espero que un canijo como tú no sea lo único que se interpone entre nosotros y el Ojo de Cthulhu.",
		"10": "Echa un vistazo a estos bloques de tierra... ¡Tienen extra de tierra!",
		"100": "¿Por qué purificar el mundo cuando puedes volarlo en pedazos?",
		"101": "Si lanzas uno de estos en la bañera y cierras todas las ventanas, ¡te despejará la nariz y los oídos!",
		"102": "¿Quieres jugar con fuego, gallina?",
		"103": "Oye, ¿firmarías esta renuncia de daños y perjuicios?",
		"104": "¡AQUÍ NO SE PUEDE FUMAR!",
		"105": "Hoy en día, los explosivos son la bomba.  ¡Llévate unos cuantos!",
		"106": "¡Es un buen día para morir!",
		"107": "Y qué pasa si... (¡BUM!)... Oh, lo siento, ¿usabas mucho esa pierna?",
		"108": "Dinamita. Mi panacea personal para solucionar todos los problemas.",
		"109": "Echa un vistazo a este género; ¡los precios son la bomba!",
		"11": "¡Oye, cómo pega el sol! Por suerte, tengo armaduras totalmente transpirables.",
		"110": "Tengo un vago recuerdo de atar a una mujer y lanzarla a una mazmorra.",
		"111": "¡Tenemos un problema! ¡Hoy tenemos Luna de Sangre!",
		"112": "Si fuera más joven, invitaría a {Nurse} a salir. Yo antes era todo un galán.",
		"113": "Ese sombrero rojo me resulta familiar...",
		"114": "Gracias otra vez por librarme de esta maldición. Sentí como si algo me hubiera saltado encima y me hubiera mordido.",
		"115": "Mamá siempre me decía que sería un buen sastre.",
		"116": "La vida es como un cajón de la ropa; ¡nunca sabes qué te vas a poner!",
		"117": "¡Desde luego, bordar es una tarea difícil! ¡Si no fuera así, nadie lo haría! Eso es lo que la hace tan genial.",
		"118": "Sé todo lo que hay que saber sobre el negocio de la confección.",
		"119": "La maldición me ha convertido en un ser solitario; una vez me hice amigo de un muñeco de cuero. Lo llamaba Wilson.",
		"12": "El sol está alto, al contrario que mis precios.",
		"120": "Gracias por liberarme, humano.  Los otros duendes me ataron y me dejaron aquí.  Como ya imaginarás, no nos llevamos muy bien.",
		"121": "¡No puedo creer que me ataran y me dejaran aquí solo por decirles que no se dirigían al este!",
		"122": "Ahora que soy un proscrito, ¿puedo tirar ya estas bolas de pinchos? Tengo los bolsillos destrozados.",
		"123": "¿Buscas un experto en artilugios? ¡Pues yo soy tu duende!",
		"124": "Gracias por tu ayuda. Tengo que dejar de vagar por ahí sin rumbo. Seguro que nos volvemos a ver.",
		"125": "Creía que eras más alto.",
		"126": "Oye... ¿Qué trama {Mechanic}? ¿No habrás... hablado con ella, por un casual?",
		"127": "Eh, ¿quieres un motor para tu sombrero? Creo que tengo un motor que quedaría de perlas en ese sombrero.",
		"128": "Oye, he oído que te gustan los cohetes y las botas de correr, así que he puesto unos cohetes en tus botas.",
		"129": "El silencio es dorado. La cinta adhesiva es plateada.",
		"13": "¡Vaya! Desde aquí se oye cómo discuten {Mechanic} y {Nurse}.",
		"130": "Sí, el oro es más resistente que el hierro. Pero ¿qué os enseñan los humanos hoy en día?",
		"131": "En fin, la idea de un casco de minero con alas quedaba mucho mejor sobre el papel.",
		"132": "Los duendes tienen una increíble predisposición al enfado. ¡De hecho, podrían iniciar una guerra por una simple discusión sobre ropa!",
		"133": "Sinceramente, la mayoría de los duendes no son precisamente unos genios. Bueno, algunos sí.",
		"134": "¿Tú sabes por qué llevamos estas bolas con pinchos? Porque yo no.",
		"135": "¡Acabo de terminar mi última creación! Esta versión no explota con violencia si le respiras encima.",
		"136": "Los duendes ladrones no son muy buenos en lo suyo. ¡Ni siquiera saben robar un cofre abierto!",
		"137": "¡Gracias por salvarme, colega!  Estas ataduras me estaban haciendo rozaduras.",
		"138": "¡Oh, te debo la vida!",
		"139": "¡Oh, qué heroico! ¡Gracias por salvarme, jovencita!",
		"14": "¿Has visto a Chith... Shith...? ¿Chat...? Vamos, ¿al gran Ojo?",
		"140": "¡Oh, qué heroico! ¡Gracias por salvarme, jovencito!",
		"141": "Ahora que nos conocemos, me puedo ir a vivir contigo, ¿verdad?",
		"142": "¡Eh, hola, {Guide}! ¿Qué puedo hacer hoy por ti?",
		"143": "¡Anda, hola, {Demolitionist}! ¿Qué puedo hacer hoy por ti?",
		"144": "¡Anda, hola, {GoblinTinkerer}! ¿Qué puedo hacer hoy por ti?",
		"145": "¡Anda, hola, {Nurse}! ¿Qué puedo hacer hoy por ti?",
		"146": "¡Anda, hola, {Mechanic}! ¿Qué puedo hacer hoy por ti?",
		"147": "¡Anda, hola, {Dryad}! ¿Qué puedo hacer hoy por ti?",
		"148": "¿Quieres que saque una moneda de tu oreja? ¿No? Pues nada.",
		"149": "¿Quieres un caramelo mágico? ¿No? Pues nada.",
		"15": "Oye, esta casa es segura, ¿verdad? ¿Verdad? ¿{PlayerName}?",
		"150": "Si te gusta, te puedo hacer un delicioso chocolate calentito... ¿No? Pues nada.",
		"151": "¿Has venido a echar un ojo a mi bola de cristal?",
		"152": "¿Nunca has deseado tener un anillo mágico que convierta las piedras en slimes? La verdad es que yo tampoco.",
		"153": "Una vez me dijeron que la amistad es algo mágico. ¡Qué tontería! No puedes convertir a nadie en rana con la amistad.",
		"154": "Veo tu futuro... ¡Vas a comprarme un montón de artículos!",
		"155": "En cierta ocasión intenté devolverle la vida a una estatua de ángel. Pero no pasó nada.",
		"156": "¡Gracias!  Un poco más y habría acabado como los demás esqueletos de ahí abajo.",
		"157": "¡Eh, mira por dónde vas! ¡Llevo ahí desde hace... un rato!",
		"158": "Espera un momento, ya casi he conseguido que funcione el wifi.",
		"159": "¡Casi había acabado de poner luces intermitentes aquí arriba!",
		"16": "Ni siquiera una luna de sangre detendría el capitalismo. Así que vamos a hacer negocios.",
		"160": "¡No te muevas! ¡Se me ha caído una lentilla!",
		"161": "Lo único que quiero es que el conmutador... ¿Qué?",
		"162": "A ver si lo adivino. No has comprado suficiente cable. ¡Ya te vale!",
		"163": "¿Podrías...? Solo... ¿Por favor...? ¿Vale? Pues nada. Aaarg.",
		"164": "No me gusta cómo me miras. Estoy trabajando.",
		"165": "Oye, {PlayerName}, ¿vienes de cara de {GoblinTinkerer}? Por un casual no te hablaría de mí, ¿verdad?",
		"166": "{ArmsDealer} no deja de hablar sobre activar mi placa de presión. Ya le he dicho que funciona pisándola.",
		"167": "¡Compra siempre más cable del que necesitas!",
		"168": "¿Has comprobado si tu dispositivo está enchufado?",
		"169": "Oh, ¿sabes lo que le vendría bien a esta casa? Más luces intermitentes.",
		"17": "No pierdas de vista tus sueños. ¡Compra una lente!",
		"170": "Cuando el cielo se tiña de rojo, sabrás que se avecina una Luna de Sangre. Hay algo en ella que hace que los monstruos ataquen en grupo.",
		"171": "Eh, amigo, ¿sabes dónde hay por aquí malahierba? Oh, no es por nada. Solo preguntaba, sin más.",
		"172": "Si miraras hacia arriba, verías que ahora mismo la luna está roja.",
		"173": "Deberías quedarte en casa por la noche. Es muy peligroso vagar por ahí en la oscuridad.",
		"174": "Saludos, {PlayerName}. ¿Te puedo ayudar en algo?",
		"175": "Estoy aquí para aconsejarte sobre tus próximos pasos.  Te aconsejo que hables conmigo cuando estés atascado.",
		"176": "Dicen que hay una persona que te dirá cómo sobrevivir en esta tierra... Oh, espera. ¡Si soy yo!",
		"177": "Puedes usar el pico para cavar en la tierra y el hacha para talar árboles. ¡Sitúa el cursor sobre el ladrillo y haz clic!",
		"178": "Si quieres sobrevivir, tendrás que crear armas y un cobijo. Empieza talando árboles y recogiendo madera.",
		"179": "Pulsa {InventoryKey} para acceder al menú de creación. Cuando tengas suficiente madera, crea un banco de trabajo. De este modo, podrás crear objetos más elaborados... si estás cerca del banco, claro.",
		"18": "Kosh, kapleck Mog. Perdona, hablaba en klingon... Quiere decir \"Compra algo o muere\".",
		"180": "Puedes construir un cobijo juntando madera y otros bloques que hay por el mundo. No olvides levantar y colocar paredes.",
		"181": "En cuanto tengas una espada de madera, podrías intentar recoger el gel de los slimes. Mezcla madera y gel para hacer una antorcha.",
		"182": "Usa un martillo para interactuar con el entorno.",
		"183": "Deberías cavar una mina para encontrar vetas de mineral. Así podrás crear objetos muy útiles.",
		"184": "Ahora que tienes minerales, tendrás que convertirlos en un lingote para fabricar objetos con ellos. Para ello, necesitas una forja.",
		"185": "Puedes construir una forja con antorchas, madera y piedra. Asegúrate de que estás cerca de un banco de trabajo.",
		"186": "Necesitarás un yunque para crear objetos con los lingotes de metal.",
		"187": "Los yunques se pueden fabricar con hierro o bien comprarse a un mercader.",
		"188": "En el subsuelo hay corazones de cristal que puedes usar para aumentar el máximo de vida. Podrás destrozarlos con un pico.",
		"189": "Si recoges 5 estrellas fugaces, podrás combinarlas para crear un objeto que aumente tu poder mágico.",
		"19": "¿Tu nombre era {PlayerName}? ¡Me han hablado bien de ti, amigo!",
		"190": "Por la noche, caen estrellas fugaces del cielo. Se pueden utilizar para toda clase de objetos útiles. Si ves una, date prisa en cogerla ya que desaparecen al amanecer.",
		"191": "Hay muchas formas de hacer que los demás se muden a nuestra ciudad. Por supuesto, necesitarán una casa en la que vivir.",
		"192": "Para que una habitación pueda ser considerada un hogar, debe tener una puerta, una silla, una mesa y una fuente de luz.  Y paredes, claro.",
		"193": "En la misma casa no pueden vivir dos personas. Además, si se destruye una casa, esa persona deberá buscar un nuevo lugar donde vivir.",
		"194": "En la interfaz de vivienda podrás ver y asignar viviendas. Abre el inventario y haz clic en el icono de la casa.",
		"195": "Si quieres que un mercader se mude a una casa, deberás recoger una gran cantidad de dinero. ¡Bastará con 50 monedas de plata!",
		"196": "Para que se mude una enfermera, tendrás que aumentar tu vida máxima.",
		"197": "Si tuvieras alguna pistola, seguro que aparecería algún traficante de armas para venderte munición.",
		"198": "Deberías ponerte a prueba e intentar derrotar a un monstruo poderoso. Eso llamaría la atención de una dríada.",
		"199": "Asegúrate de explorar la mazmorra a fondo. Podría haber prisioneros retenidos en la parte más profunda.",
		"2": "Vaya una armadura más chapucera que llevas. Yo de ti compraría más pociones curativas.",
		"20": "Dicen que aquí hay un tesoro escondido... Oh, olvídalo...",
		"200": "Quizás el anciano de la mazmorra quiera unirse a nosotros ahora que su maldición ha desaparecido.",
		"201": "Guarda bien las bombas que encuentres. Algún demoledor querrá echarles un vistazo.",
		"202": "¿Acaso los duendes son tan distintos a nosotros que no podemos vivir juntos en paz?",
		"203": "He oído que por esta región vive un poderoso mago.  Estate muy atento por si lo ves la próxima vez que viajes al subsuelo.",
		"204": "Si juntas varias lentes en un altar demoníaco, tal vez encuentres la forma de invocar a un monstruo poderoso. Aunque te conviene esperar hasta la noche para hacerlo.",
		"205": "Puedes crear un cebo de gusanos usando trozos podridos y polvo vil. Asegúrate de estar en una zona corrompida antes de usarlo.",
		"206": "Los altares demoníacos se suelen encontrar en territorio corrompido. Tendrás que estar cerca de ellos para crear ciertos objetos.",
		"207": "Puedes hacerte un gancho de escalada con un gancho y tres cadenas. Los esqueletos se encuentran en las profundidades del subsuelo y suelen llevar ganchos. En cuanto a las cadenas, se pueden fabricar con lingotes de hierro.",
		"208": "Si ves un jarrón, golpéalo para romperlo. Contienen toda clase de suministros de utilidad.",
		"209": "Hay tesoros escondidos por todo el mundo. ¡En las profundidades del subsuelo se pueden encontrar objetos maravillosos!",
		"21": "¿La estatua de un ángel? Lo siento pero no vendo cosas de segunda mano.",
		"210": "En ocasiones, al romper un orbe sombrío se provoca la caída de un meteorito del cielo. Los orbes sombríos se suelen encontrar en los abismos que rodean las zonas corrompidas.",
		"211": "Deberías dedicarte a recoger más cristal de corazón para aumentar tu vida máxima.",
		"212": "El equipo que llevas no es gran cosa. Debes mejorar tu armadura.",
		"213": "Creo que ya estás listo para tu primera gran batalla. De noche, recoge lentillas de ojos y llévalas a un altar demoníaco.",
		"214": "Te conviene aumentar tu nivel de vida antes de enfrentarte al siguiente desafío. Con 15 corazones será suficiente.",
		"215": "La piedra de ébano que se encuentra en el territorio corrompido se puede purificar usando un poco de polvo de dríada, o bien destruirla con explosivos.",
		"216": "El siguiente paso debería ser explorar los abismos corrompidos.  Encuentra y destruye todos los orbes sombríos que encuentres.",
		"217": "No muy lejos de aquí hay una antigua mazmorra. Ahora sería un buen momento para ir a echar un vistazo.",
		"218": "Deberías intentar aumentar al máximo tu vida disponible. Intenta conseguir 20 corazones.",
		"219": "Hay muchos tesoros por descubrir en la selva si estás dispuesto a cavar a suficiente profundidad.",
		"22": "El último tipo que estuvo aquí me dejó algunos trastos viejos... quiero decir... ¡tesoros!",
		"220": "El inframundo está compuesto de un material llamado piedra infernal, perfecto para crear armas y armaduras.",
		"221": "Cuando estés preparado para desafiar al guardián del inframundo, tendrás que hacer un sacrificio viviente. Encontrarás todo lo que necesitas en el inframundo.",
		"222": "No dejes de destruir todos los altares demoníacos que encuentres. ¡Algo bueno te sucederá si lo haces!",
		"223": "A veces, podrás recuperar el alma de las criaturas caídas en lugares de extrema luminosidad u oscuridad.",
		"224": "Jo, jo, jo y una botella de... ¡ponche de huevo!",
		"225": "¿Me preparas unas galletitas?",
		"226": "¿Qué? ¿Creías que no existía?",
		"227": "Me las arreglé para coserte la cara de nuevo. Ten más cuidado la próxima vez.",
		"228": "Seguramente te quede una cicatriz.",
		"229": "Ya está. No quiero volver a verte saltando por acantilados.",
		"23": "Me pregunto si la luna estará hecha de queso... Eh... esto... ¿Querías comprar algo?",
		"230": "No ha sido para tanto, ¿verdad?",
		"231": "Por si vivir bajo tierra no fuera algo lo bastante malo, ahora venís idiotas como tú a secuestrar a mis hijos mientras duermo.",
		"232": "Entre tú y yo, {Dryad} es la única en quien confío. Es la única que no ha intentado comerme o usarme en una poción.",
		"233": "Traté de lamerme a mí mismo el otro día para ver a qué venía tanta historia, pero todo empezó a brillar de color azul.",
		"234": "Cada vez que veo el color azul, me deprimo y me entra la pereza.",
		"235": "No habrás visto ningún cerdo por aquí, ¿verdad? Uno le quitó la pierna a mi hermano.",
		"236": "En esta ciudad, todo el mundo está un poco fuera de sí. Anoche vi al buhonero mordisqueándome el pie.",
		"237": "Te haré un descuento en la ropa si convences a {Truffle} para que venga a que le... tome medidas.",
		"238": "Me parece que {Truffle} es un poco incomprendido. ¡En realidad es un tipo muy majo!",
		"24": "¿Has dicho oro?  Me lo quedo.",
		"240": "No, no me sé el baile de la trufa. ¡Deja de preguntármelo!",
		"241": "Se está difundiendo un rumor terrible sobre mí: \"Si no puedes derrotarlo, ¡cómetelo!\".",
		"242": "Oye, ¿qué tienes ahí?",
		"243": "¿Debería convertirme en un pirata del aire? He estado planteándome la posibilidad de ser pirata del aire.",
		"244": "Sea como sea, ¡una mochila cohete te iría como anillo al dedo!",
		"245": "Últimamente estoy un poco de mal humor. ¡Así que basta de palabrería, bicho!",
		"246": "Me produce mucha curiosidad ese tal {Cyborg}. ¿Qué hará para mantenerse siempre en movimiento?",
		"247": "Me parece que ese capitán va siempre un poco \"achispado de más\", ¡no sé si me explico!",
		"248": "¡Muéstrame tu equipo!",
		"249": "Me gusta tu... equipo. ¿Lo tienes en bronce?",
		"25": "Será mejor que no me manches de sangre.",
		"250": "Cuando entres en tierra sagrada, verás un arcoíris en el cielo. Si quieres, te puedo ayudar con la pintura.",
		"251": "Ve a ver a {PartyGirl}. ¡Esa chica es capaz de pintar toda la ciudad de rojo!",
		"252": "Sé diferenciar el turquesa del azul verdoso. Pero no te la voy a decir.",
		"253": "Me he quedado sin blanco titanio, así que nada de pedírmelo.",
		"254": "Prueba el morado y el rosa arremolinado. ¡Funciona, en serio!",
		"255": "No, no, no... ¡Hay infinidad de grises diferentes! No me piques...",
		"256": "Espero que no llueva hasta que se seque la pintura. ¡Eso sería un desastre!",
		"257": "¡A cambio de tus riquezas, te traeré los colores más ricos!",
		"258": "Querida, lo que llevas puesto es demasiado monótono. ¡Necesitas clases para aprender a teñir adecuadamente tu ropa!",
		"259": "El único tipo de madera que me molestaría en teñir es la caoba rica. Es un desperdicio teñir cualquier otro tipo de madera.",
		"26": "Date prisa... y deja ya de sangrar.",
		"260": "Tienes que hacer algo con {Pirate}.  ¡Cada vez que se pasa por aquí, tardo una semana en quitar la peste!",
		"261": "¿Qué médico soy? Soy el médico brujo.",
		"262": "El corazón de la magia es la naturaleza. La naturaleza de los corazones es la magia.",
		"263": "{Nurse} puede cuarte el cuerpo, pero yo puedo convertirte en la curación personificada.",
		"264": "Elige sabiamente, {PlayerName}. Mis productos son volátiles y mis artes oscuras misteriosas.",
		"265": "Tenemos que hablar. Se... se trata de las fiestas.",
		"266": "Soy incapaz de decidir qué me gusta más: si las fiestas o las post-fiestas.",
		"267": "Deberíamos montar una fiesta de la raíz intermitente y, por si acaso, también una post-fiesta.",
		"268": "¡Vaya, {PlayerName}! ¡Encontrarme con un aventurero es un motivo de festejo!",
		"269": "Pon una bola de discoteca, que te enseñaré cómo se monta una buena fiesta.",
		"27": "Si vas a morir, hazlo fuera.",
		"270": "Estuve en Suecia una vez. No veas qué fiestas locas se montan. ¿Por qué tú no eres así?",
		"271": "Me llamo {PartyGirl}, pero la gente me llama destrozafiestas. No sé por qué, pero suena guay.",
		"272": "¿Te gustan las fiestas? ¿A veces? Mmm, vale. Entonces podemos hablar...",
		"273": "No me entusiasma la tierra, pero es mejor perderse en la tierra que no pisar tierra nunca jamás.",
		"274": "¡Jo, jo, jo, y una botella de... raíz intermitente!",
		"275": "¡Ar!  Es curioso que hables de loros porque... Esto... ¿De qué estábamos hablando?",
		"276": "{PlayerName}, ¡eres una de las mejores jovencitas que este capitán ha visto en semanas!",
		"277": "¡Aléjate de mi botín, canalla!",
		"278": "¿De qué rayos estás hablando? ¡Moby Dick me pertenece!",
		"279": "*Aaar, yaaar, gaaar*",
		"28": "¿Y eso qué quiere decir?",
		"280": "Y, entonces, la unidad 492-8 dijo: \"¿Quién crees que soy, unidad 472-6?\". JA. JA. JA.",
		"281": "Mi eficiencia en la expedición se redujo drásticamente cuando un proyectil impactó en el propulsor de mi locomotora.",
		"282": "Esta oración es falsa, ¿o no?",
		"283": "Así que esa chica de pinta punki es inventora, ¿eh? ¡Creo que podría enseñarle un par de cosas!",
		"284": "Claro, {Pirate} y yo somos amigos, pero no me gusta cuando su loro hace sus cosas sobre mí. ¡Esa movida es corrosiva!",
		"285": "¡Construí un mecanismo de degustación para beber un poco de cerveza!",
		"286": "A veces se me va un poco... ¿Lo pillas? ¡Un poco!",
		"287": "¿Corto por detrás y por los lados?",
		"288": "¡Esas mechas resaltan el color de tus ojos!",
		"289": "Tengo las manos pegajosas de tanta… cera.",
		"29": "No me gusta el tono que empleas.",
		"290": "¿Té? ¿Café? ¿O acaso es otro zumo de naranja?",
		"291": "Muñeca, tenemos que arreglar esas puntas abiertas.",
		"292": "¡Nenaaa! Eres mi marujeo favorito.",
		"293": "¿Qué aftershave te puedo ofrecer hoy?",
		"294": "Siéntate un segundo, que voy a por una maquinilla.",
		"295": "O tienes estilo o te meten el estilo en el cuerpo.",
		"296": "A ti creo que podríamos hacerte… un pequeño mantenimiento.",
		"297": "Una vez, intenté usar uno de los productos del Maestro de los Tintes. Las puntas acabaron quemadas. Un desastre.",
		"298": "Oh, pobre... Ven… Ven a sentarte aquí. Todo irá bien. Shhh.",
		"299": "Échale un ojo a esto.",
		"3": "Siento como si una presencia maligna me observara.",
		"30": "¿Por qué sigues aquí? Si no te estás desangrando, aquí no pintas nada. Lárgate.",
		"300": "¡Muy buenas! Soy {Stylist} y me encargaré de tu pelo hoy.",
		"301": "¿Solo un poquito exagerado?  Qué aburrido…",
		"302": "¡Espero que te guste lo que he hecho con el pelo de {PartyGirl}!",
		"303": "No se puede hacer nada con la cabeza de {Demolitionist}. Es una causa perdida.",
		"304": "No es obligatorio dejar propina, pero recuerda que tengo unas tijeras cerca de tu cabeza.",
		"305": "Por cierto, esta cuchilla se solía usar para guillotinar.",
		"306": "Querido, más te vale no acercarte a mí esta noche. Acabo de afilar las tijeras ¡y estoy buscando alguna excusa para usarlas!",
		"307": "Me ha contado {PartyGirl} que {Nurse}, la amiga de {Mechanic}, se pulió todo el sueldo de su novio en zapatos.",
		"308": "Una vez, le puse una peluca a un {Cyborg} para poder arreglarle el pelo. ¡Creo que le gustó!",
		"309": "Una vez, intenté visitar a {Stylist}. Pero en cuanto me vio, dijo: \"Ni de coña\".",
		"31": "¡¿Cómo?!",
		"310": "¡Creo que va siendo hora de arreglarme el pelo!",
		"311": "Hoy no te has molestado ni en peinarte, ¿verdad?",
		"312": "Así que un corte pixie… ¿Quieres unas patillas también?",
		"313": "No tengo ningún problema en trabajar con el pelo de orejas y cejas, ¡pero por los de la nariz no paso!",
		"314": "Vale, siéntate y acomódate. Volveré a tintarte en unos 25 minutos…",
		"315": "¡Gracias, cielo! Ahora por fin podré arreglarme el pelo.",
		"316": "Si hubieses venido antes, te habría cortado el pelo gratis.",
		"317": "\"No vayas a explorar con tijeras\", decían. \"No te vas a comer ninguna telaraña\", decían.",
		"318": "¡Arg, mi pelo! ¡Lo tengo lleno de telarañas!",
		"319": "Quedaremos detrás de casa de {Guide} dentro de unas tres horas. Creo que tengo algo que podría interesarte.",
		"32": "¿Has visto a ese anciano que deambula por la mazmorra? Parece un tanto preocupado.",
		"320": "Ese {Merchant} no sabe apreciar un buen negocio ni aunque se lo pongan delante de las narices.",
		"321": "Solo vendo lo que puedo conseguir. {Clothier} me está buscando ropa exótica.",
		"322": "Vaya, ¡parece que te vendría bien una Estatua de ángel! Cortan, trocean y lo hacen todo maravilloso.",
		"323": "No devuelvo el dinero si el comprador se arrepiente. Bueno, ni por ningún otro motivo, la verdad.",
		"324": "¡Si compras ahora, el envío te sale gratis!",
		"325": "¡Vendo objetos de lugares que podrían no existir!",
		"326": "¡¿Quieres dos cuartos de penique?! Que sea uno y cerramos el trato.",
		"327": "¡La fusión de una cachimba y una cafetera! ¡Y además, hace patatas a la juliana!",
		"328": "¡Ven a echar un vistazo! ¡Pescado a una libra! ¡Muy, muy bueno! ¡Pescado a una libra!",
		"329": "Si estás buscando basura, has venido al lugar equivocado.",
		"33": "Ojalá  {Demolitionist}  tuviera más cuidado.  Ya me estoy hartando de tener que coserle las extremidades todos los días.",
		"330": "¿Un mercadillo?  Qué va, tan solo vendo los objetos de más calidad del mercado.",
		"331": "Al veces, al romper un corazón carmesí se provoca la caída de un meteorito del cielo. Los corazones carmesís se suelen encontrar en los abismos que rodean las zonas carmesís.",
		"332": "¿Has probado a usar polvos purificadores sobre la piedra carmesí?",
		"333": "Debes librar al mundo de este carmesí.",
		"334": "¡Psst! Puede que tenga un trabajillo para ti. ¡Tampoco es que puedas decir que no!",
		"335": "¡Quiero un pez y me vas a encontrar uno! ¡Pregúntame por él!",
		"336": "¡Oye! Solo me vale el sacrifi… Digooo… El maestro de la pesca al que estoy buscando. ",
		"337": "{Angler} quiere que seas el chico de los recados oficial de {WorldName}.",
		"338": "¡¿Quééé?! ¿Acaso no ves que estoy recogiendo el sedal?",
		"339": "¡Ya tengo suficientes peces! ¡No necesito tu ayuda ahora mismo!",
		"34": "Oye, por curiosidad, ¿ha dicho {ArmsDealer} por qué tiene que ir al médico? Es por mera curiosidad.",
		"340": "No hay cocineros en Terraria, así que me toca cocinarme el pescado yo solito. ",
		"341": "¡Oye! ¡Ten cuidado! ¡Estoy preparando las trampas para mi mayor broma hasta la fecha! ¡Nadie se lo verá venir! ¡No se lo digas a nadie!",
		"342": "Deja que te dé un consejo: ¡nunca toques un bloque de hielo con la lengua! No, espera, olvida eso. ¡Estoy deseando verte hacerlo!",
		"343": "¡¿Has visto alguna vez a un pez que ladra?! Yo no, ¡pero me preguntaba si tú sí lo habías visto!",
		"344": "¡{WorldName} tiene un montón de peces de todo tipo!",
		"345": "¡Estoy cabreado! Podría haber peces que se extinguieron incluso antes de que yo hubiese nacido.",
		"346": "No tengo ni madre ni padre, ¡pero tengo un montón de peces! ¡A mí me vale!",
		"347": "Je, je. ¡Tendrías que haber visto la cara de {Dryad} cuando clavé ese diente de piraña en la silla!",
		"348": "Tengo algo que pedirte. ¡Me da igual que haya un apocalipsis zombi en estos momentos!",
		"349": "¡Venga, escucha! ¡Necesito que me consigas algo cuanto antes!",
		"35": "Debo hablar en serio con {Guide}. ¿Cuántas veces a la semana crees que podrás venir con quemaduras de lava graves?",
		"350": "¡Odio las Lunas de Sangre! ¡Me paso la noche en vela por culpa de todos esos sonidos terroríficos!",
		"351": "¡El peor momento para pescar es con una Luna de Sangre! Sí, los peces pican igual, ¡pero mientras los zombis te muerden!",
		"352": "¡Hay un gritón de monstruos correteando por ahí fuera ahora mismo!",
		"353": "Supongo que debo darte las gracias por salvarme… o lo que fuera eso. ¡Serías un gran súbdito ayudante!",
		"354": "¿Qué? ¿Quién rayos eres tú? ¡No, no me estaba ahogando ni nada por el estilo!",
		"355": "¡Me has salvado! Podría usarte… digooo, contratarte para que realices un par de tareas para mí.",
		"356": "¿Vendes huesos de repuesto? Tengo que sustituir mi cadera rota... otra vez.",
		"357": "¡Excelente! Al final, ha venido alguien a quitarme algunos de estos gusanos de las manos.",
		"358": "¡No hay enfermedad que mi aceite de slime no pueda curar! Funciona, créeme. ¡Mira qué buen color tengo!",
		"359": "Ya tienes que tener cara para venir hasta aquí. ¿Qué tal si compras algo?",
		"36": "Creo que así estarás mejor.",
		"360": "No te creerías algunas de las cosas que la gente me tira... ¿Quieres comprar un poco?",
		"361": "Te echaré una mano, pero, la última vez que lo hice, tardaste un mes en devolvérmela.",
		"362": "Aléjate de las arañas. Te succionarán las entrañas y solo dejarán un recipiente humano vacío. Confía en mí para esto.",
		"363": "Las únicas cosas constantes en este mundo son la muerte y los impuestos. ¡Yo tengo ambos!",
		"364": "¿Tú otra vez? ¡¿Entiendo que quieres más dinero?!",
		"365": "¡¿Aquí todo el mundo tiene que abrir y cerrar las puertas de una forma tan ruidosa?!",
		"366": "Veo que te sobra el tiempo, como siempre. No me puedo ni imaginar cómo debe de ser vuestra vida laboral.",
		"367": "¡Sí, sí, sí! Te daré tu parte en un momento. Creía que serías un poco más paciente, por aquello de que soy yo quien hace todo el trabajo y eso.",
		"368": "¿Qué tiene que hacer un hombre para que lo dejen en paz en este lugar? ¡Ve a molestar a alguien que esté menos ocupado!",
		"369": "Dos barriles de melaza, más... Oh, da igual. Estás aquí. Aquí tienes tu dinero.",
		"37": "Ufff... ¿Qué te ha pasado en la cara?",
		"370": "Entre tú y yo... No tengo ni idea de por qué se molestan en pagar el alquiler.",
		"371": "Una vez, intenté que {Dryad} me pagara en especias. Ahora, me crecen hongos en lugares extraños.",
		"372": "Dile a {ArmsDealer} que deje de intentar pagarme con munición. Ni siquiera tengo un arma.",
		"373": "¿Por qué no intentas que {Demolitionist} te dé dinero sin perder una mano o un pie o...?",
		"374": "Acabo de hacerle una visita a {Merchant}. Quería saber si aceptaba tarjetas de crédito.",
		"38": "¡DIOS MÍO! Se me da bien mi trabajo, pero no tanto.",
		"380": "¡Toma tu parte de los impuestos que he recaudado de nuestra población sobrante!",
		"381": "¡Aquí estás otra vez, llevándote todo mi dinero! ¡Anda, cógelo y lárgate de mi vista!",
		"382": "¡Bah! Ten, ¡coge tu dinero y vete a freír espárragos!",
		"383": "Esto es todo lo que tendrás por ahora. ¡Ni una moneda más! Cógelo y gástalo con cabeza.",
		"39": "Estimados amigos, estamos hoy aquí reunidos para despedirnos... Oh, saldrás de esta.",
		"390": "¿Y la gente dice que me pierde la codicia? No, no tengo nada más para ti.",
		"391": "Oh, así que me ves como un banco con patas, ¿no? Porque siempre que me ves, me pides algo.",
		"392": "¿Nunca te pasas solo para decir \"hola\"?",
		"393": "¡Bah! ¿Tú otra vez? Te llevaste parte de mi dinero hace un momento, ¡así que lárgate y vuelve más tarde!",
		"394": "¡Te he dado un buen pellizco hace solo cinco minutos! ¡Fuera!",
		"395": "¡¿Ya me estás saqueando los bolsillos otra vez?! Y después hablas de mi tacañería.",
		"396": "Acabas de recibir tu pago. ¡No te llevarás ni una moneda más! ¡Sal de aquí!",
		"397": "El dinero no crece en los árboles, ¡así que no abuses! ¡Bah! ",
		"398": "¡¿Ya te has gastado todo lo que te pagué?! No soy una ONG. ¡Vete a matar slimes por ahí!",
		"399": "¡No tan rápido! Ya tienes tu dinero. ¡Ahora, vete! ",
		"4": "¡La espada gana al papel! Hazte con un ejemplar ahora.",
		"40": "Te dejaste el brazo por ahí. Deja que te ayude...",
		"400": "¿Suplicando tan pronto? ¡No me mires como si fuera a cambiar de idea de un día para otro! ",
		"401": "Asegúrate de destruir todos los altares carmesís que encuentres. ¡Algo bueno te sucederá si lo haces!",
		"402": "Los altares carmesís se suelen encontrar en Carmesí. Tendrás que estar cerca de ellos para crear ciertos objetos.",
		"403": "Puedes crear una espina dorsal sangrienta con vértebras. Asegúrate de estar en una zona carmesí antes de usarlo.",
		"41": "¡Deja de comportarte como un bebé! He visto cosas peores.",
		"42": "¡Voy a tener que darte puntos!",
		"43": "¿Ya te has vuelto a meter en líos?",
		"44": "Aguanta, por aquí tengo unas tiritas infantiles chulísimas.",
		"45": "Puedes irte, {PlayerName}. Te pondrás bien. Jesús...",
		"46": "¿Te duele cuando haces eso? Pues no lo hagas.",
		"47": "Vienes como si estuvieras a medio digerir. ¿Has estado cazando slimes otra vez?",
		"48": "Gira la cabeza y tose.",
		"49": "No es de lo peor que he visto... Sin duda, he visto heridas más grandes que esta.",
		"5": "¿Quieres manzanas? ¿Zanahorias? ¿Unas piñas? Tenemos antorchas.",
		"50": "¿Quieres una piruleta?",
		"51": "Dime dónde te duele.",
		"52": "Lo siento, pero no trabajo por caridad.",
		"53": "Vas a necesitar más oro del que traes.",
		"54": "Oye, yo no trabajo gratis.",
		"55": "No tengo una varita mágica.",
		"56": "No puedo hacer nada más por ti sin cirugía estética.",
		"57": "No me hagas perder el tiempo.",
		"58": "Dicen que en alguna parte del Inframundo hay una muñeca que se parece mucho a {Guide}.  Ojalá pudiera usarla para practicar el tiro al blanco.",
		"59": "¡Date prisa! Tengo una cita con {Nurse} dentro de una hora.",
		"6": "Una mañana estupenda, ¿verdad? ¿No necesitas nada?",
		"60": "Quiero lo que vende {Nurse}. ¿Qué quieres decir? Ella no vende nada.",
		"61": "{Dryad} es una monada.  Es una lástima que sea tan mojigata.",
		"62": "Olvídate de {Demolitionist}, yo tengo todo lo que necesitas aquí y ahora.",
		"63": "¿Qué mosca le ha picado a {Demolitionist}? ¿Aún no sabe que vendemos cosas totalmente distintas?",
		"64": "Oye, hace una noche magnífica para no hablar con nadie, ¿no crees, {PlayerName}?",
		"65": "Me encantan estas noches.  ¡Siempre encuentras algo que matar!",
		"66": "Veo que le has echado el ojo al minitiburón... Será mejor que no sepas de qué está hecho.",
		"67": "Eh, amigo, que esto no es una película. La munición va aparte.",
		"68": "¡Aparta esas manos de mi pistola, colega!",
		"69": "¿Has probado a usar polvos de purificación sobre la piedra de ébano corrupta?",
		"7": "La noche caerá pronto, amigo. Haz tus compras mientras puedas.",
		"70": "Ojalá {ArmsDealer} dejara de flirtear conmigo. ¿No se da cuenta de que tengo 500 años?",
		"71": "¿Por qué se empeña {Merchant} en intentar venderme una estatua de ángel? Todo el mundo sabe que no sirven para nada.",
		"72": "¿Has visto a ese anciano que deambula por la mazmorra? No tiene muy buen aspecto...",
		"73": "¡Yo vendo lo que quiero! Si no te gusta, mala suerte.",
		"74": "¿Por qué tienes que ser tan beligerante en estos tiempos que corren?",
		"75": "No quiero que compres mis artículos. Quiero que desees comprar mis artículos, ¿entiendes?",
		"76": "Oye, ¿soy yo o esta noche han salido de juerga un millón de zombis?",
		"77": "Debes erradicar la corrupción de este mundo.",
		"78": "Cuídate. ¡Terraria te necesita!",
		"79": "Fluyen las arenas del tiempo. Y la verdad, no estás envejeciendo con mucha elegancia.",
		"8": "Ni te imaginas lo bien que se venden los bloques de tierra en el extranjero.",
		"80": "¿Qué es eso de que ladro mucho y muerdo poco?",
		"81": "Dos trasgos entran en un bar y uno le dice al otro: \"¿Quieres un trasgo de cerveza?\".",
		"82": "No puedo dejarte entrar hasta que me liberes de la maldición.",
		"83": "Vuelve por la noche si quieres entrar.",
		"84": "No se puede invocar al maestro a la luz del día.",
		"85": "Eres demasiado débil para romper esta maldición.  Vuelve cuando seas de más utilidad.",
		"86": "Eres lamentable.  No esperes presentarte ante el maestro tal como eres.",
		"87": "Espero que hayas venido con varios amigos...",
		"88": "No lo hagas, forastero. Sería un suicidio.",
		"89": "Tal vez seas lo bastante fuerte para poder librarme de esta maldición...",
		"9": "Oh, algún día narrarán las aventuras de {PlayerName}... y seguro que acaban bien.",
		"90": "Forastero, ¿te crees con fuerzas para derrotar al maestro?",
		"91": "¡Por favor! ¡Lucha con mi raptor y libérame! ¡Te lo suplico!",
		"92": "Derrota al maestro y te permitiré entrar a la mazmorra.",
		"93": "Conque intentando librarte de esa piedra de ébano, ¿eh?  ¿Por qué no la metes en uno de estos explosivos?",
		"94": "Eh, ¿has visto a un payaso por aquí?",
		"95": "Había una bomba aquí mismo, y ahora no soy capaz de encontrarla...",
		"96": "¡Yo les daré a esos zombis lo que necesitan!",
		"97": "¡Incluso {ArmsDealer} quiere lo que vendo!",
		"98": "¿Prefieres tener un agujero de bala o de granada? ¿Un agujero de bala o de granada?",
		"99": "Seguro que {Nurse} te ayudará si pierdes una extremidad jugando con estas monadas..."
	},
	"LegacyMenu": {
		"0": "¡Empieza una nueva partida de Terraria para unirte!",
		"100": "Con fondo",
		"101": "Sin fondo",
		"102": "Seleccionar idioma",
		"103": "Idioma",
		"104": "Sí",
		"105": "No",
		"106": "Cambiar estilo de mapa           ",
		"107": "Cambiar pantalla completa           ",
		"108": "Acercar                      ",
		"109": "Alejar                    ",
		"10": "Cargar copia",
		"110": "Reducir transparencia     ",
		"111": "Aumentar transparencia      ",
		"112": "Mapa activo",
		"113": "Mapa desactivado",
		"114": "General",
		"115": "Controles del mapa",
		"116": "Luces multinúcleo:",
		"117": "No",
		"118": "Cerrar menú",
		"11": "No se ha encontrado copia de seguridad",
		"120": "Cursor inteligente    ",
		"121": "Modo de cursor inteligente: Cambiar",
		"122": "Modo de cursor inteligente: Mantener",
		"123": "Barra de progreso del evento",
		"124": "No",
		"125": "Temporal",
		"126": "Sí",
		"127": "Estilo",
		"128": "Activar vista previa de colocación",
		"129": "Desactivar vista previa de colocación",
		"12": "Un jugador",
		"130": "Montura             ",
		"131": "Logros",
		"132": "Activar sangre y gore",
		"133": "Desactivar sangre y gore",
		"134": "Aplicar",
		"135": "Ajustes del servidor",
		"136": "Multijugador de Steam: Desactivado",
		"137": "Multijugador de Steam: Activado",
		"138": "Usuarios permitidos: Solo por invitación",
		"139": "Usuarios permitidos: Amigos",
		"13": "Multijugador",
		"140": "Los amigos pueden invitar: No",
		"141": "Los amigos pueden invitar: Sí",
		"142": "Permitir amigos de amigos: No",
		"143": "Permitir amigos de amigos: Sí",
		"144": "Inicio",
		"145": "Jugar a través de Steam",
		"146": "Jugar a través de IP",
		"147": "Invitar a amigos",
		"148": "Arriba",
		"149": "Abajo",
		"14": "Configuración",
		"150": "Izquierda",
		"151": "Derecha",
		"152": "Saltar",
		"153": "Lanzar",
		"154": "Inventario",
		"155": "Agarrar",
		"156": "Maná rápido",
		"157": "Potenciador rápido",
		"158": "Montura rápida",
		"159": "Curación rápida",
		"15": "Salir",
		"160": "Selección automática",
		"161": "Cursor inteligente",
		"162": "Usar objeto",
		"163": "Interactuar",
		"164": "Controles de juego",
		"165": "Controles del mapa",
		"166": "Controles de acceso rápido",
		"167": "Ajustes del mando",
		"168": "Acercar",
		"169": "Alejar",
		"16": "Crear personaje",
		"170": "Aumentar transparencia",
		"171": "Reducir transparencia",
		"172": "Cambiar estilo de mapa",
		"173": "Cambiar mapa completo",
		"174": "Girar izquierda",
		"175": "Girar derecha",
		"176": "Acceso rápido 1",
		"177": "Acceso rápido 2",
		"178": "Acceso rápido 3",
		"179": "Acceso rápido 4",
		"17": "Eliminar",
		"180": "Acceso rápido 5",
		"181": "Acceso rápido 6",
		"182": "Acceso rápido 7",
		"183": "Acceso rápido 8",
		"184": "Acceso rápido 9",
		"185": "Acceso rápido 10",
		"186": "Marca rápida 1",
		"187": "Marca rápida 2",
		"188": "Marca rápida 3",
		"189": "Marca rápida 4",
		"18": "Pelo",
		"190": "Acceso rápido radial",
		"191": "Cursor Snap Up",
		"192": "Cursor Snap Right",
		"193": "Cursor Snap Down",
		"194": "Cursor Snap Left",
		"195": "<Unbound>",
		"196": "DPad Cursor Snap",
		"197": "DPad Hotbar",
		"198": "Ajustes avanzados del mando",
		"199": "Triggers Deadzone",
		"19": "Ojos",
		"1": "Running on port ",
		"200": "Sliders Deadzone",
		"201": "Left Thumbstick Deadzone X",
		"202": "Left Thumbstick Deadzone Y",
		"203": "Right Thumbstick Deadzone X",
		"204": "Right Thumbstick Deadzone Y",
		"205": "Invert Left Thumbstick Horizontally",
		"206": "Invert Left Thumbstick Vertically",
		"207": "Invert Right Thumbstick Horizontally",
		"208": "Invert Right Thumbstick Vertical",
		"209": "Utilize",
		"20": "Skin",
		"210": "Interface",
		"211": "Passwords: Visible",
		"212": "Contraseñas: Oculto",
		"213": "Prioridad de cursor inteligente: Pico -> hacha",
		"214": "Prioridad de cursor inteligente: Hacha -> pico",
		"215": "Colocación inteligente de bloques: Al cursor",
		"216": "Colocación inteligente de bloques: Rellenando",
		"217": "Color de bordes",
		"218": "Cursor",
		"219": "Controles",
		"21": "Ropa",
		"220": "Activar bonificaciones: Arriba",
		"221": "Activar bonificaciones: Abajo",
		"222": "Asignación de teclas",
		"223": "Eliminación rápida con Mayús izquierdo: Activada",
		"224": "Eliminación rápida con Mayús izquierdo: Desactivada",
		"225": "Sustituir pared rápidamente: Desactivado",
		"226": "Sustituir pared rápidamente: Activado",
		"227": "Tiempo de scroll de acceso rápido a radial: Sí",
		"228": "Tiempo de scroll de acceso rápido a radial: No",
		"229": "Red de ladrillos activada",
		"22": "Hombre",
		"230": "Red de ladrillos desactivada",
		"231": "Fijar",
		"232": "Prioridad de objetivo: Objetivo fijado",
		"233": "Prioridad de objetivo: Objetivo más cercano",
		"234": "Prioridad de objetivo: Ataque más limpio",
		"235": "abc / ABC / !@#",
		"236": "Retroceso",
		"237": "Enviar",
		"238": "Barra espaciadora",
		"239": "<-",
		"23": "Mujer",
		"240": "->",
		"241": "Desactivar instrucciones del mando",
		"242": "Activar instrucciones del mando",
		"243": "Controles del menú",
		"244": "Acceso rápido radial",
		"245": "Ventana sin bordes: Activada",
		"246": "Ventana sin bordes: Desactivada",
		"247": "No omitir Frame",
		"248": "Omitir Frame",
		"249": "Omitir Frame sutilmente",
		"24": "Extremo",
		"250": "Bamboleo del minero: Activado",
		"251": "Bamboleo del minero: Desactivado",
		"252": "Retraso de movimiento de la interfaz",
		"25": "Núcleo medio",
		"26": "Núcleo suave",
		"27": "Aleatorio",
		"28": "Crear",
		"29": "Los personajes extremos mueren para siempre",
		"2": "Desconectar",
		"30": "Los personajes de núcleo medio sueltan objetos al morir",
		"31": "Los personajes de núcleo suave sueltan dinero al morir",
		"32": "Seleccionar dificultad",
		"33": "Camisa",
		"34": "Camiseta",
		"35": "Pantalones",
		"36": "Zapatos",
		"37": "Pelo",
		"38": "Color de pelo",
		"39": "Color de ojos",
		"3": "Este servidor tiene contraseña:",
		"40": "Color de piel",
		"41": "Color de la camisa",
		"42": "Color de la camiseta",
		"43": "Color de los pantalones",
		"44": "Color de los zapatos",
		"45": "Escribir nombre del personaje:",
		"46": "Eliminar",
		"47": "Crear mundo",
		"48": "Escribir nombre del mundo:",
		"49": "Modo ventana",
		"4": "Aceptar",
		"50": "Pantalla completa",
		"51": "Resolución",
		"52": "Parallax",
		"53": "No omitir Frame",
		"54": "Omitir Frame",
		"55": "Iluminación: Color",
		"56": "Iluminación: Blanca",
		"57": "Iluminación: Retro",
		"58": "Iluminación: Psicodélica",
		"59": "Calidad: Automática",
		"5": "Atrás",
		"60": "Calidad: Alta",
		"61": "Calidad: Media",
		"62": "Calidad: Baja",
		"63": "Vídeo",
		"64": "Color del cursor",
		"65": "Volumen",
		"66": "Controles",
		"67": "Guardado automático activado",
		"68": "Guardado automático desactivado",
		"69": "Pausa automática activada",
		"6": "Cancelar",
		"70": "Pausa automática desactivada",
		"71": "Sugerencias activadas",
		"72": "Sugerencias desactivadas",
		"73": "Resolución de pantalla completa",
		"74": "Arriba                ",
		"75": "Abajo             ",
		"76": "Izquierda               ",
		"77": "Derecha             ",
		"78": "Saltar             ",
		"79": "Lanzar            ",
		"7": "Introducir contraseña del servidor:",
		"80": "Inventario         ",
		"81": "Curación rápida       ",
		"82": "Maná rápido      ",
		"83": "Potenciador rápido       ",
		"84": "Agarrar           ",
		"85": "Selección automática       ",
		"86": "Volver a predeterminado",
		"87": "Unirse",
		"88": "Crear y jugar",
		"89": "Introducir dirección IP del servidor:",
		"8": "Iniciando servidor...",
		"90": "Introducir puerto del servidor:",
		"91": "Elegir tamaño del mundo:",
		"92": "Pequeño",
		"93": "Mediano",
		"94": "Grande",
		"95": "Rojo:",
		"96": "Verde:",
		"97": "Azul:",
		"98": "Sonido:",
		"99": "Música:",
		"9": "¡Error al cargar!",
		"119": "Ambiente:"
	},
	"LegacyTooltip": {
		"0": "Equipado en la ranura social",
		"10": "Lento",
		"11": "Muy lento",
		"12": "Exageradamente lento",
		"13": "Velocidad de tortuga",
		"14": "Sin retroceso",
		"15": "Retroceso sumamente débil",
		"16": "Retroceso muy débil",
		"17": "Retroceso débil",
		"18": "Retroceso normal",
		"19": "Retroceso fuerte",
		"1": "No aumentará ninguna característica",
		"20": "Retroceso muy fuerte",
		"21": "Retroceso tremendamente fuerte",
		"22": "Retroceso descomunal",
		"23": "Equipable",
		"24": "Objeto decorativo",
		"25": " defensa",
		"26": "% potencia de pico",
		"27": "% potencia de hacha",
		"28": "% potencia de martillo",
		"29": "Restablece",
		"2": " daño en el cuerpo a cuerpo",
		"30": "vida",
		"31": "maná",
		"32": "Consume",
		"33": "Se puede colocar",
		"34": "Munición",
		"35": "Consumible",
		"36": "Material",
		"37": " minuto(s) de duración",
		"38": " segundo(s) de duración",
		"39": "% daño",
		"3": " daño a distancia",
		"40": "% velocidad",
		"41": "% probabilidad de ataque crítico",
		"42": "% coste de maná",
		"43": "% tamaño",
		"44": "% velocidad de proyectil",
		"45": "% retroceso",
		"46": "% velocidad de movimiento",
		"47": "% velocidad en el cuerpo a cuerpo",
		"48": "Bonus conjunto:",
		"49": "Precio de venta:",
		"4": " daño por magia",
		"50": "Precio de compra:",
		"51": "Sin valor",
		"52": "Consume ",
		"53": " daño de invocación",
		"54": " alcance",
		"55": " daño",
		"56": "Marcado como favorito",
		"57": "Se bloquearán la eliminación rápida, la acumulación y la venta",
		"58": " daño al lanzar",
		"59": "Ha sido maldito por una poderosa criatura de la selva",
		"5": "% probabilidad de ataque crítico",
		"6": "Velocidad de vértigo",
		"7": "Gran velocidad",
		"8": "Veloz",
		"9": "Velocidad normal"
	},
	"LegacyMultiplayer": {
		"10": "¡No estás en un equipo!",
		"11": "{0} ha activado el JcJ.",
		"12": "{0} ha desactivado el JcJ.",
		"13": "{0} ya no pertenece a ningún bando.",
		"14": "{0} se ha unido al bando rojo.",
		"15": "{0} se ha unido al bando verde.",
		"16": "{0} se ha unido al bando azul.",
		"17": "{0} se ha unido al bando amarillo.",
		"18": "Te damos la bienvenida a",
		"19": "{0} se ha unido.",
		"1": "Contraseña errónea.",
		"20": "{0} se ha ido.",
		"21": "/players",
		"22": "{0} se ha unido al bando rosa.",
		"2": "Operación no válida en este estado.",
		"3": "Has sido expulsado de este servidor.",
		"4": "No tienes la misma versión que este servidor.",
		"5": "ya está en este servidor.",
		"6": "/playing",
		"7": "Jugadores actuales:",
		"8": "/roll",
		"9": "tira un",
		"0": "Recibes:"
	},
	"LegacyMisc": {
		"0": "¡El ejército de duendes ha sido derrotado!",
		"100": "Elige el mal del mundo",
		"101": "Corrupción",
		"102": "Carmesí",
		"103": "Aleatorio",
		"10": "Sientes un horrible escalofrío por la espalda...",
		"11": "El eco de los alaridos suena por todas partes...",
		"12": "¡Tu mundo ha sido bendecido con cobalto!",
		"13": "¡Tu mundo ha sido bendecido con mithril!",
		"14": "¡Tu mundo ha sido bendecido con adamantita!",
		"15": "Los ancestrales espíritus de la luz y la oscuridad han sido liberados.",
		"19": "{0} ha muerto...",
		"1": "¡Un ejército de duendes se aproxima por el oeste!",
		"20": "¡Se avecina un eclipse solar!",
		"21": "¡Tu mundo ha sido bendecido con paladio!",
		"22": "¡Tu mundo ha sido bendecido con oricalco!",
		"23": "¡Tu mundo ha sido bendecido con titanio!",
		"24": "¡Los piratas han sido derrotados!",
		"25": "¡Los piratas se aproximan por el oeste!",
		"26": "¡Los piratas se aproximan por el este!",
		"27": "¡Han llegado los piratas!",
		"28": "Sientes vibraciones desde las profundidades…",
		"29": "Va a ser una noche horrible...",
		"2": "¡Un ejército de duendes se aproxima por el este!",
		"30": "El aire es cada vez más frío a tu alrededor…",
		"31": "La Luna calabaza ha salido...",
		"32": "La selva se expande sin control…",
		"33": "Resuenan gritos en la mazmorra...",
		"34": "La Luna Gélida se alza…",
		"35": "{0} ha partido.",
		"36": "{0} se ha ido.",
		"37": "Cualquiera",
		"38": "Placa de presión",
		"39": " y regeneración de vida aumentada",
		"3": "¡Un ejército duende ha llegado!",
		"40": "Aumenta la regeneración de vida",
		"41": "¡Los marcianos nos invaden!",
		"42": "¡Los marcianos han sido derrotados!",
		"43": "¡Nos invaden criaturas celestiales!",
		"44": "Te estás mareando...",
		"45": "El dolor está acabando contigo...",
		"46": "Voces de otro mundo resuenan a tu alrededor...",
		"47": "¡El Señor de la Luna ha despertado!",
		"48": "¡Los gemelos se han despertado!",
		"49": "Te despiertas de un sueño extraño...",
		"4": "¡La Legión de escarcha ha sido derrotada!",
		"50": "ha sufrido una derrota.",
		"51": "Fragmento lunar",
		"52": "Se avecina un Infierno inminente...",
		"53": "Seleccionar",
		"54": "Coger",
		"55": "Coger uno",
		"56": "Cerrar",
		"57": "Agarrar",
		"58": "Saltar",
		"59": "Girar acceso rápido",
		"5": "¡La Legión de escarcha avanza por el oeste!",
		"60": "Atacar",
		"61": "Construir",
		"62": "Beber",
		"63": "Acción",
		"64": "Cambiar menú",
		"65": "Colocar",
		"66": "Cambiar",
		"67": "Equipar",
		"68": "Desequipar",
		"69": "Mostrar banderas",
		"6": "¡La Legión de escarcha avanza por el este!",
		"70": "Revisar vivienda",
		"71": "Creación rápida",
		"72": "Crear",
		"73": "Seleccionar",
		"74": "Eliminar",
		"75": "Vender",
		"76": "Transferir",
		"77": "Mostrar gráficos",
		"78": "Ocultar gráficos",
		"79": "Usar",
		"7": "¡Ha llegado la Legión de escarcha!",
		"80": "Hablar",
		"81": "Leer",
		"82": "Atrás",
		"83": "Favorito",
		"84": "¡No puedes cambiar de equipo dentro de los bloques de tu equipo!",
		"85": "Insecto",
		"86": "Pato",
		"87": "Mariposa",
		"88": "Luciérnaga",
		"89": "Opciones de cableado",
		"8": "La Luna de Sangre se alza…",
		"90": "Comprar",
		"91": "Comprar más",
		"92": "Vender",
		"93": "Crear más",
		"94": "Intentar quitar",
		"95": "Caracol",
		"96": "Parece que ",
		"97": " está celebrando una fiesta",
		"98": " están celebrando una fiesta",
		"99": "¡Se acabó la fiesta!",
		"9": "Crees que una presencia maligna te está observando...",
		"104": "No se puede usar sin maná etéreo hasta haber defendido el cristal eternia"
	},
	"LegacyInterface": {
		"0": "Vida:",
		"100": "Total de criaturas",
		"101": "Total de muertes",
		"102": "Fase de la luna",
		"103": "Velocidad de movimiento",
		"104": "Tesoro",
		"105": "Criaturas raras",
		"106": "Daño por segundo",
		"107": "Plantas extrañas",
		"108": "Abrir mapa",
		"109": "Cerrar mapa",
		"10": "Defensa",
		"110": "Abrir carpeta",
		"111": "Hacer captura de pantalla",
		"112": "Primero, tienes que determinar un frame",
		"113": "Solo disponible en el modo ventana",
		"114": "Solo disponible con el mapa activado",
		"115": "Modo cámara desactivado",
		"116": "No destacar objetos nuevos",
		"117": "Destacar objetos nuevos",
		"118": "Acercar",
		"119": "Alejar",
		"11": "Social",
		"120": "Teletransportarse al aliado",
		"121": "Soltar objeto",
		"122": "Ordenar objetos",
		"123": "Clima frío",
		"12": "Casco",
		"13": "Camisa",
		"14": "Pantalones",
		"15": "platino",
		"16": "oro",
		"17": "plata",
		"18": "cobre",
		"19": "Reciclar",
		"1": "Respirar",
		"20": "Coloca aquí un objeto para reciclarlo",
		"21": "Monstando recetas que usen",
		"22": "Objetos necesarios:",
		"23": "Ninguno",
		"24": "Coloca aquí un material",
		"25": "Creación",
		"26": "Monedas",
		"27": "Munición",
		"28": "Tienda",
		"29": "Coger todo",
		"2": "Maná",
		"30": "Depositar todo",
		"31": "Guardar rápido",
		"32": "Hucha",
		"33": "Caja fuerte",
		"34": "Hora",
		"35": "Guardar y salir",
		"36": "Desconectar",
		"37": "Objetos",
		"38": "Te han matado...",
		"39": "Esta vivienda es válida.",
		"3": "Cubo de basura",
		"40": "Esta vivienda no es válida.",
		"41": "Esta vivienda ya está ocupada.",
		"42": "Esta vivienda está corrompida.",
		"43": "Se ha acabado el tiempo para la conexión",
		"44": "Recibiendo datos de casillas",
		"45": "Equipar",
		"46": "Coste",
		"47": "Guardar",
		"48": "Editar",
		"49": "Estado",
		"4": "Inventario",
		"50": "Maldición",
		"51": "Ayuda",
		"52": "Cerrar",
		"53": "Agua",
		"54": "Sanar",
		"55": "Este cobijo no cumple los requisitos para:",
		"56": "Lava",
		"57": "Tinte",
		"58": "Miel",
		"59": "Visible",
		"5": "Acceso rápido desbloqueado",
		"60": "Oculto",
		"61": "Cambiar nombre",
		"62": "Configuración",
		"63": "Cancelar",
		"64": "Misión",
		"65": "Objeto de misión",
		"66": "Ahorros",
		"67": "Hacer captura",
		"68": "Configuración",
		"69": "Fijar frame",
		"6": "Acceso rápido bloqueado",
		"70": "Determinar frame",
		"71": "Cerrar",
		"72": "Sí",
		"73": "No",
		"74": "Compresión de imagen",
		"75": "Capturar entidades",
		"76": "Capturar fondo",
		"77": "Elección de biomedio",
		"78": "Reiniciar frame",
		"79": "Equipamiento",
		"7": "Vivienda",
		"80": "Vivienda",
		"81": "Modo de cámara",
		"82": "Reabastecer",
		"83": "Luna Gélida",
		"84": "Luna calabaza",
		"85": "Locura marciana",
		"86": "Invasión pirata",
		"87": "Legión de escarcha",
		"88": "Ejército de duendes",
		"89": "Coger",
		"8": "Pregunta de vivienda",
		"90": "Gancho de escalada",
		"91": "Montura",
		"92": "Mascota",
		"93": "Vagoneta",
		"94": "Mascota de luz",
		"95": "Hora",
		"96": "Clima",
		"97": "Pescando",
		"98": "Posición",
		"99": "Profundidad",
		"9": "Accesorio"
	},
	"LegacyChestType": {
		"0": "Cofre",
		"10": "Cofre de hiedra",
		"11": "Cofre de hielo",
		"12": "Cofre de madera viviente",
		"13": "Cofre celestial",
		"14": "Cofre de madera sombría",
		"15": "Cofre cubierto de telarañas",
		"16": "Cofre de lihzahrd",
		"17": "Cofre de agua",
		"18": "Cofre de la selva",
		"19": "Cofre corrupto",
		"1": "Cofre de oro",
		"20": "Cofre carmesí",
		"21": "Cofre sagrado",
		"22": "Cofre congelado",
		"23": "Cofre cerrado de la selva",
		"24": "Cofre cerrado corrompido",
		"25": "Cofre cerrado carmesí",
		"26": "Cofre cerrado sagrado",
		"27": "Cofre cerrado gélido",
		"28": "Cofre dinástico",
		"29": "Cofre de miel",
		"2": "Cofre dorado cerrado",
		"30": "Cofre steampunk",
		"31": "Cofre de madera de palmera",
		"32": "Cofre de champiñón",
		"33": "Cofre de madera boreal",
		"34": "Cofre de slime",
		"35": "Cofre de mazmorra verde",
		"36": "Cofre de mazmorra verde cerrado",
		"37": "Cofre de mazmorra rosa",
		"38": "Cofre de mazmorra rosa cerrado",
		"39": "Cofre de mazmorra azul",
		"3": "Cofre de las sombras",
		"40": "Cofre de mazmorra azul cerrado",
		"41": "Cofre de hueso",
		"42": "Cofre de cactus",
		"43": "Cofre de carne",
		"44": "Cofre de obsidiana",
		"45": "Cofre de calabaza",
		"46": "Cofre tétrico",
		"47": "Cofre de cristal",
		"48": "Cofre marciano",
		"49": "Cofre de meteorito",
		"4": "Cofre de las sombras cerrado",
		"50": "Cofre de granito",
		"51": "Cofre de mármol",
		"5": "Barril",
		"6": "Cubo de basura",
		"7": "Cofre de madera de ébano",
		"8": "Cofre de madera de caoba rico",
		"9": "Cofre de madera perlada"
	},
	"LegacyDresserType": {
		"0": "Aparador",
		"10": "Aparador de hueso",
		"11": "Aparador de cactus",
		"12": "Aparador tétrico",
		"13": "Aparador celestial",
		"14": "Aparador de miel",
		"15": "Aparador de lihzahrd",
		"16": "Aparador de madera de palmera",
		"17": "Aparador de champiñón",
		"18": "Aparador de madera boreal",
		"19": "Aparador de slime",
		"1": "Aparador de madera de ébano",
		"20": "Aparador de calabaza",
		"21": "Aparador steampunk",
		"22": "Aparador de cristal",
		"23": "Aparador de carne",
		"24": "Aparador marciano",
		"25": "Aparador de meteorito",
		"26": "Aparador de granito",
		"27": "Aparador de mármol",
		"2": "Aparador de madera de caoba rico",
		"3": "Aparador de madera perlada",
		"4": "Aparador de madera sombría",
		"5": "Aparador de mazmorra azul",
		"6": "Aparador de mazmorra verde",
		"7": "Aparador de mazmorra rosa",
		"8": "Aparador dorado",
		"9": "Aparador de obsidiana",
		"28": "{$ItemName.CrystalDresser}",
		"29": "{$ItemName.DynastyDresser}",
		"30": "{$ItemName.FrozenDresser}",
		"31": "{$ItemName.LivingWoodDresser}"
	},
	"LegacyChestType2": {
		"0": "Cofre de cristal",
		"1": "Cofre de oro"
	}
}