{
	"NPCName": {
		"BlueSlime": "Slime azul",
		"GiantWormHead": "Gusano gigante",
		"SeekerTail": "Tragamundos",
		"Clinger": "Lapa",
		"AnglerFish": "Pez abisal",
		"GreenJellyfish": "Medusa verde",
		"Werewolf": "Hombre lobo",
		"BoundGoblin": "Duende cautivo",
		"BoundWizard": "Mago cautivo",
		"GoblinTinkerer": "Duende chapucero",
		"Wizard": "Mago",
		"Clown": "Payaso",
		"GiantWormBody": "Gusano gigante",
		"SkeletonArcher": "Esqueleto arquero",
		"GoblinArcher": "Duende arquero",
		"VileSpit": "Escupitajo vil",
		"WallofFlesh": "Muro carnoso",
		"WallofFleshEye": "Muro carnoso",
		"TheHungry": "El Famélico",
		"TheHungryII": "El Famélico",
		"LeechHead": "Sanguijuela",
		"LeechBody": "Sanguijuela",
		"LeechTail": "Sanguijuela",
		"GiantWormTail": "Gusano gigante",
		"ChaosElemental": "Caos elemental",
		"Slimer": "Slimer",
		"Gastropod": "Gasterópodo",
		"BoundMechanic": "Mecánico cautivo",
		"Mechanic": "Mecánico",
		"Retinazer": "Retinator",
		"Spazmatism": "Espasmatizador",
		"SkeletronPrime": "Esqueletrón mayor",
		"PrimeCannon": "Cañón mayor",
		"PrimeSaw": "Sierra mayor",
		"EaterofWorldsHead": "Devoramundos",
		"PrimeVice": "Torno mayor",
		"PrimeLaser": "Láser mayor",
		"BaldZombie": "Zombi",
		"WanderingEye": "Ojo errante",
		"TheDestroyer": "El Destructor",
		"TheDestroyerBody": "El Destructor",
		"TheDestroyerTail": "El Destructor",
		"IlluminantBat": "Murciélago luminoso",
		"IlluminantSlime": "Slime luminoso",
		"Probe": "Sonda",
		"EaterofWorldsBody": "Devoramundos",
		"PossessedArmor": "Armadura poseída",
		"ToxicSludge": "Fango tóxico",
		"SantaClaus": "Papá Noel",
		"SnowmanGangsta": "Muñeco de nieve malote",
		"MisterStabby": "Señor Stabby",
		"SnowBalla": "Triunfador de nieve",
		"IceSlime": "Slime de hielo",
		"Penguin": "Pingüino",
		"PenguinBlack": "Pingüino",
		"EaterofWorldsTail": "Devoramundos",
		"IceBat": "Murciélago de hielo",
		"Lavabat": "Murciélago de lava",
		"GiantFlyingFox": "Zorro volador gigante",
		"GiantTortoise": "Tortuga gigante",
		"IceTortoise": "Tortuga de hielo",
		"Wolf": "Lobo",
		"RedDevil": "Diablo rojo",
		"Arapaima": "Arapaima",
		"VampireBat": "Vampiro",
		"Vampire": "Vampiro",
		"MotherSlime": "Mamá slime",
		"Truffle": "Trufa",
		"ZombieEskimo": "Zombi esquimal",
		"Frankenstein": "Frankenstein",
		"BlackRecluse": "Ermitaño negro",
		"WallCreeper": "Criatura de pared",
		"WallCreeperWall": "Criatura de pared",
		"SwampThing": "Cosa del pantano",
		"UndeadViking": "Vikingo no muerto",
		"CorruptPenguin": "Pingüino corrupto",
		"IceElemental": "Ente de hielo",
		"Merchant": "Mercader",
		"PigronCorruption": "Cerdidragón",
		"PigronHallow": "Cerdidragón",
		"RuneWizard": "Mago rúnico",
		"Crimera": "Carmebicho",
		"Herpling": "Lerduno",
		"AngryTrapper": "Trampero enfadado",
		"MossHornet": "Avispón del musgo",
		"Derpling": "Tontuno",
		"Steampunker": "Steampunker",
		"CrimsonAxe": "Hacha carmesí",
		"Nurse": "Enfermera",
		"PigronCrimson": "Cerdidragón",
		"FaceMonster": "Caramonstruo",
		"FloatyGross": "Flotasquillo",
		"Crimslime": "Slime carmesí",
		"SpikedIceSlime": "Slime de hielo puntiagudo",
		"SnowFlinx": "Copito de nieve",
		"PincushionZombie": "Zombi",
		"SlimedZombie": "Zombi",
		"SwampZombie": "Zombi",
		"TwiggyZombie": "Zombi",
		"ArmsDealer": "Traficante de armas",
		"CataractEye": "Ojo demoníaco",
		"SleepyEye": "Ojo demoníaco",
		"DialatedEye": "Ojo demoníaco",
		"GreenEye": "Ojo demoníaco",
		"PurpleEye": "Ojo demoníaco",
		"LostGirl": "Niña perdida",
		"Nymph": "Ninfa",
		"ArmoredViking": "Vikingo acorazado",
		"Lihzahrd": "Lihzahrd",
		"LihzahrdCrawler": "Lihzahrd",
		"DemonEye": "Ojo demoníaco",
		"Dryad": "Dríada",
		"FemaleZombie": "Zombi",
		"HeadacheSkeleton": "Esqueleto",
		"MisassembledSkeleton": "Esqueleto",
		"PantlessSkeleton": "Esqueleto",
		"SpikedJungleSlime": "Slime selvático puntiagudo",
		"Moth": "Polilla",
		"IcyMerman": "Tritón helado",
		"DyeTrader": "Comerciante teñido",
		"PartyGirl": "Chica fiestera",
		"Cyborg": "Ciborg",
		"Skeleton": "Esqueleto",
		"Bee": "Abeja",
		"BeeSmall": "Abeja",
		"PirateDeckhand": "Pirata de cubierta",
		"PirateCorsair": "Corsario pirata",
		"PirateDeadeye": "Pirata pistolero",
		"PirateCrossbower": "Pirata con arco",
		"PirateCaptain": "Capitán pirata",
		"CochinealBeetle": "Cochinilla",
		"CyanBeetle": "Escarabajo turquesa",
		"LacBeetle": "Escarabajo laca",
		"Guide": "Guía",
		"SeaSnail": "Caracol marino",
		"Squid": "Calamar",
		"QueenBee": "Abeja reina",
		"ZombieRaincoat": "Zombi con chubasquero",
		"FlyingFish": "Pez volador",
		"UmbrellaSlime": "Slime paraguas",
		"FlyingSnake": "Serpiente voladora",
		"Painter": "Pintor",
		"WitchDoctor": "Médico brujo",
		"Pirate": "Pirata",
		"MeteorHead": "Cabeza meteorito",
		"GoldfishWalker": "Pececillo",
		"HornetFatty": "Avispón",
		"HornetHoney": "Avispón",
		"HornetLeafy": "Avispón",
		"HornetSpikey": "Avispón",
		"HornetStingy": "Avispón",
		"JungleCreeper": "Criatura selvática",
		"JungleCreeperWall": "Criatura selvática",
		"BlackRecluseWall": "Ermitaño negro",
		"BloodCrawler": "Trepasangre",
		"FireImp": "Diablillo de fuego",
		"BloodCrawlerWall": "Trepasangre",
		"BloodFeeder": "Tragasangre",
		"BloodJelly": "Medusa de sangre",
		"IceGolem": "Gólem de hielo",
		"RainbowSlime": "Slime arcoíris",
		"Golem": "Gólem",
		"GolemHead": "Cabeza de gólem",
		"GolemFistLeft": "Puño de gólem",
		"GolemFistRight": "Puño de gólem",
		"GolemHeadFree": "Cabeza de gólem",
		"BurningSphere": "Esfera ardiente",
		"AngryNimbus": "Nimbo enfadado",
		"Eyezor": "Ojozor",
		"Parrot": "Loro",
		"Reaper": "Muerte",
		"ZombieMushroom": "Zombi espora",
		"ZombieMushroomHat": "Zombi espora",
		"FungoFish": "Pez mohoso",
		"AnomuraFungus": "Hongo anomura",
		"MushiLadybug": "Mariquita mushi",
		"FungiBulb": "Bulbo mohoso",
		"GoblinPeon": "Duende peón",
		"GiantFungiBulb": "Bulbo mohoso gigantesco",
		"FungiSpore": "Esporas de hongo",
		"Plantera": "Plantera",
		"PlanterasHook": "Garfio de Plantera",
		"PlanterasTentacle": "Tentáculo de Plantera",
		"Spore": "Esporas de hongo",
		"BrainofCthulhu": "Cerebro de Cthulhu",
		"Creeper": "Criatura",
		"IchorSticker": "Pegatina de icor",
		"RustyArmoredBonesAxe": "Huesos viejos acorazados",
		"GoblinThief": "Duende ladrón",
		"RustyArmoredBonesFlail": "Huesos viejos acorazados",
		"RustyArmoredBonesSword": "Huesos viejos acorazados",
		"RustyArmoredBonesSwordNoArmor": "Huesos viejos acorazados",
		"BlueArmoredBones": "Huesos azules acorazados",
		"BlueArmoredBonesMace": "Huesos azules acorazados",
		"BlueArmoredBonesNoPants": "Huesos azules acorazados",
		"BlueArmoredBonesSword": "Huesos azules acorazados",
		"HellArmoredBones": "Huesos infernales acorazados",
		"HellArmoredBonesSpikeShield": "Huesos infernales acorazados",
		"HellArmoredBonesMace": "Huesos infernales acorazados",
		"GoblinWarrior": "Duende guerrero",
		"HellArmoredBonesSword": "Huesos infernales acorazados",
		"RaggedCaster": "Mago harapiento",
		"RaggedCasterOpenCoat": "Mago harapiento",
		"Necromancer": "Nigromante",
		"NecromancerArmored": "Nigromante",
		"DiabolistRed": "Diablista",
		"DiabolistWhite": "Diablista",
		"BoneLee": "Hueso Lee",
		"DungeonSpirit": "Espíritu de la mazmorra",
		"GiantCursedSkull": "Calavera maldita gigante",
		"GoblinSorcerer": "Duende hechicero",
		"Paladin": "Paladín",
		"SkeletonSniper": "Esqueleto francotirador",
		"TacticalSkeleton": "Esqueleto táctico",
		"SkeletonCommando": "Esqueleto comando",
		"AngryBonesBig": "Huesitos furiosos",
		"AngryBonesBigMuscle": "Huesitos furiosos",
		"AngryBonesBigHelmet": "Huesitos furiosos",
		"BirdBlue": "Jota azul",
		"BirdRed": "Cardenal",
		"Squirrel": "Ardilla",
		"Zombie": "Zombi",
		"ChaosBall": "Bola del caos",
		"Mouse": "Ratón",
		"Raven": "Cuervo",
		"SlimeMasked": "Slime",
		"BunnySlimed": "Conejo",
		"HoppinJack": "Jack saltarín",
		"Scarecrow1": "Espantapájaros",
		"Scarecrow2": "Espantapájaros",
		"Scarecrow3": "Espantapájaros",
		"Scarecrow4": "Espantapájaros",
		"Scarecrow5": "Espantapájaros",
		"AngryBones": "Huesitos furiosos",
		"Scarecrow6": "Espantapájaros",
		"Scarecrow7": "Espantapájaros",
		"Scarecrow8": "Espantapájaros",
		"Scarecrow9": "Espantapájaros",
		"Scarecrow10": "Espantapájaros",
		"HeadlessHorseman": "Caballero sin cabeza",
		"Ghost": "Fantasma",
		"DemonEyeOwl": "Ojo demoníaco",
		"DemonEyeSpaceship": "Ojo demoníaco",
		"ZombieDoctor": "Zombi",
		"DarkCaster": "Mago siniestro",
		"ZombieSuperman": "Zombi",
		"ZombiePixie": "Zombi",
		"SkeletonTopHat": "Esqueleto",
		"SkeletonAstonaut": "Esqueleto",
		"SkeletonAlien": "Esqueleto",
		"MourningWood": "Árbol de luto",
		"Splinterling": "Astilleante",
		"Pumpking": "Rey calabaza",
		"PumpkingBlade": "Rey calabaza",
		"Hellhound": "Perro infernal",
		"WaterSphere": "Esfera de agua",
		"Poltergeist": "Poltergeist",
		"ZombieXmas": "Zombi",
		"ZombieSweater": "Zombi",
		"SlimeRibbonWhite": "Slime",
		"SlimeRibbonYellow": "Slime",
		"SlimeRibbonGreen": "Slime",
		"SlimeRibbonRed": "Slime",
		"BunnyXmas": "Conejo",
		"ZombieElf": "Elfo zombi",
		"ZombieElfBeard": "Elfo zombi",
		"CursedSkull": "Cráneo maldito",
		"ZombieElfGirl": "Elfo zombi",
		"PresentMimic": "Regalo mimo",
		"GingerbreadMan": "Hombre de jengibre",
		"Yeti": "Yeti",
		"Everscream": "Gritoeterno",
		"IceQueen": "Reina de Hielo",
		"SantaNK1": "Papá-NK1",
		"ElfCopter": "Elfocóptero",
		"Nutcracker": "Cascanueces",
		"NutcrackerSpinning": "Cascanueces",
		"SkeletronHead": "Esqueletrón",
		"ElfArcher": "Arquero elfo",
		"Krampus": "Krampus",
		"Flocko": "Copito",
		"Stylist": "Estilista",
		"WebbedStylist": "Estilisa entelarañado",
		"Firefly": "Luciérnaga",
		"Butterfly": "Mariposa",
		"Worm": "Gusano",
		"LightningBug": "Insecto rayo",
		"Snail": "Caracol",
		"SkeletronHand": "Esqueletrón",
		"GlowingSnail": "Caracol brillante",
		"Frog": "Rana",
		"Duck": "Pato",
		"Duck2": "Pato",
		"DuckWhite": "Pato",
		"DuckWhite2": "Pato",
		"ScorpionBlack": "Escorpión",
		"Scorpion": "Escorpión",
		"TravellingMerchant": "Mercader ambulante",
		"Angler": "Rape",
		"OldMan": "Anciano",
		"DukeFishron": "Duque Fishron",
		"DetonatingBubble": "Burbuja detonante",
		"Sharkron": "Tiburrón",
		"Sharkron2": "Tiburrón",
		"TruffleWorm": "Gusano de trufa",
		"TruffleWormDigger": "Gusano de trufa",
		"SleepingAngler": "Rape dormido",
		"Grasshopper": "Saltamontes",
		"ChatteringTeethBomb": "Bomba castañeante",
		"CultistArcherBlue": "Arquero sectario azul",
		"Demolitionist": "Demoledor",
		"CultistArcherWhite": "Arquero sectario blanco",
		"BrainScrambler": "Destrozacerebros",
		"RayGunner": "Artillero de rayos",
		"MartianOfficer": "Oficial marciano",
		"ForceBubble": "Escudo burbuja",
		"GrayGrunt": "Matón gris",
		"MartianEngineer": "Ingeniero marciano",
		"MartianTurret": "Torreta Tesla",
		"MartianDrone": "Drone marciano",
		"GigaZapper": "Gigazapper",
		"BoneSerpentHead": "Esqueleto de serpiente",
		"ScutlixRider": "Artillero scutlix",
		"Scutlix": "Scutlix",
		"EyeofCthulhu": "Ojo de Cthulhu",
		"BoneSerpentBody": "Esqueleto de serpiente",
		"BoneSerpentTail": "Esqueleto de serpiente",
		"SolarCrawltipedeHead": "Arrastrapiés",
		"SolarCrawltipedeBody": "Arrastrapiés",
		"SolarCrawltipedeTail": "Arrastrapiés",
		"SolarDrakomire": "Drakomira",
		"SolarDrakomireRider": "Jinete de drakomira",
		"SolarSroller": "Srodante",
		"SolarCorite": "Corita",
		"SolarSolenian": "Selenio",
		"Hornet": "Avispón",
		"ManEater": "Devorahombres",
		"ArmedZombie": "Zombi",
		"ArmedZombieEskimo": "Zombi esquimal",
		"ArmedZombiePincussion": "Zombi",
		"ArmedZombieSlimed": "Zombi",
		"ArmedZombieSwamp": "Zombi",
		"ArmedZombieTwiggy": "Zombi",
		"ArmedZombieCenx": "Zombi",
		"UndeadMiner": "Minero no muerto",
		"GoldBird": "Pájaro dorado",
		"GoldBunny": "Conejo dorado",
		"GoldButterfly": "Mariposa dorada",
		"GoldFrog": "Rana dorada",
		"GoldGrasshopper": "Saltamontes dorado",
		"GoldMouse": "Ratón dorado",
		"GoldWorm": "Gusano dorado",
		"BoneThrowingSkeleton": "Esqueleto",
		"Tim": "Tim",
		"BoneThrowingSkeleton2": "Esqueleto",
		"BoneThrowingSkeleton3": "Esqueleto",
		"BoneThrowingSkeleton4": "Esqueleto",
		"Bunny": "Conejo",
		"CorruptBunny": "Conejito corrompido",
		"Harpy": "Arpía",
		"CaveBat": "Murciélago de cueva",
		"ServantofCthulhu": "Siervo de Cthulhu",
		"KingSlime": "Rey slime",
		"JungleBat": "Murciélago de selva",
		"DoctorBones": "Doctor Látigo",
		"TheGroom": "El novio",
		"Clothier": "Buhonero",
		"Goldfish": "Pececillo",
		"Snatcher": "Atrapadora",
		"CorruptGoldfish": "Pececillo corrompido",
		"Piranha": "Piraña",
		"LavaSlime": "Babosa de lava",
		"EaterofSouls": "Devoraalmas",
		"Hellbat": "Murciélago infernal",
		"Vulture": "Buitre",
		"Demon": "Demonio",
		"BlueJellyfish": "Medusa azul",
		"PinkJellyfish": "Medusa rosa",
		"Shark": "Tiburón",
		"VoodooDemon": "Demonio vudú",
		"Crab": "Cangrejo",
		"DungeonGuardian": "Guardián de la mazmorra",
		"Antlion": "Hormiga león",
		"DevourerHead": "Devorador",
		"SpikeBall": "Bola de pinchos",
		"DungeonSlime": "Slime de las mazmorras",
		"BlazingWheel": "Rueda ardiente",
		"GoblinScout": "Duende explorador",
		"Bird": "Pájaro",
		"Pixie": "Duendecillo",
		"ArmoredSkeleton": "Esqueleto con armadura",
		"Mummy": "Momia",
		"DarkMummy": "Momia de la oscuridad",
		"DevourerBody": "Devorador",
		"LightMummy": "Momia de la luz",
		"CorruptSlime": "Slime corrompido",
		"Wraith": "Espectro",
		"CursedHammer": "Martillo maldito",
		"EnchantedSword": "Espada encantada",
		"Mimic": "Cofre falso",
		"Unicorn": "Unicornio",
		"WyvernHead": "Guiverno",
		"WyvernLegs": "Guiverno",
		"WyvernBody": "Guiverno",
		"DevourerTail": "Devorador",
		"WyvernBody2": "Guiverno",
		"WyvernBody3": "Guiverno",
		"WyvernTail": "Guiverno",
		"GiantBat": "Murciélago gigante",
		"Corruptor": "Corruptor",
		"DiggerHead": "Excavador",
		"DiggerBody": "Excavador",
		"DiggerTail": "Excavador",
		"SeekerHead": "Tragamundos",
		"SeekerBody": "Tragamundos",
		"AncientCultistSquidhead": "Visión antigua",
		"AncientDoom": "Muerte antigua",
		"AncientLight": "Luz antigua",
		"BigMimicCorruption": "Cofre falso corrupto",
		"BigMimicCrimson": "Cofre falso carmesí",
		"BigMimicHallow": "Cofre falso sagrado",
		"BigMimicJungle": "Cofre falso de la selva",
		"BloodZombie": "Zombi sangriento",
		"Buggy": "Calesa",
		"Butcher": "Carnicero",
		"Crawdad": "Padre cangrejo",
		"Crawdad2": "Papá cangrejo",
		"CreatureFromTheDeep": "Criatura de las Profundidades",
		"CrimsonBunny": "Conejito carmesí",
		"CrimsonGoldfish": "Pececillo carmesí",
		"CrimsonPenguin": "Pingüino violento",
		"CultistBoss": "Sectario lunático",
		"CultistBossClone": "Sectario lunático",
		"CultistDevote": "Devoto lunático",
		"CultistDragonBody1": "Dragón fantasma",
		"CultistDragonBody2": "Dragón fantasma",
		"CultistDragonBody3": "Dragón fantasma",
		"CultistDragonBody4": "Dragón fantasma",
		"CultistDragonHead": "Dragón fantasma",
		"CultistDragonTail": "Dragón fantasma",
		"CultistTablet": "Tablilla misteriosa",
		"DD2AttackerTest": "¿¿¿???",
		"DD2GoblinT3": "{$NPCName.DD2GoblinT1}",
		"DD2GoblinBomberT3": "{$NPCName.DD2GoblinBomberT1}",
		"DD2JavelinstT2": "{$NPCName.DD2JavelinstT1}",
		"DD2JavelinstT3": "{$NPCName.DD2JavelinstT1}",
		"DD2LanePortal": "Postal misterioso",
		"DD2GoblinT2": "{$NPCName.DD2GoblinT1}",
		"DeadlySphere": "Esfera letal",
		"DemonTaxCollector": "Alma torturada",
		"DesertBeast": "Basilisco",
		"DesertDjinn": "Espíritu del desierto",
		"DesertGhoul": "Ghul",
		"DesertGhoulCorruption": "Ghul vil",
		"DesertGhoulCrimson": "Ghul contaminado",
		"DesertGhoulHallow": "Ghul soñador",
		"DesertLamiaDark": "Lamia",
		"DesertLamiaLight": "Lamia",
		"DesertScorpionWalk": "Cazador de las arenas",
		"DesertScorpionWall": "Cazador de las arenas",
		"Drippler": "Goteador",
		"DrManFly": "Dr. Moscahombre",
		"DuneSplicerBody": "Atraviesadunas",
		"DuneSplicerHead": "Atraviesadunas",
		"DuneSplicerTail": "Atraviesadunas",
		"EnchantedNightcrawler": "Rondador encantado",
		"FlyingAntlion": "Enjambre de hormigas león",
		"Fritz": "Fritz",
		"GiantShelly": "Conchito gigante",
		"GiantShelly2": "Conchito gigante",
		"GoblinSummoner": "Duende invocador",
		"GraniteFlyer": "Granito elemental",
		"GraniteGolem": "Gólem de granito",
		"GreekSkeleton": "Hoplita",
		"Grubby": "Mugriento",
		"LunarTowerNebula": "Columna de nebulosa",
		"LunarTowerSolar": "Columna solar",
		"LunarTowerStardust": "Columna de polvo estelar",
		"LunarTowerVortex": "Columan de vórtice",
		"MartianProbe": "Sonda marciana",
		"MartianSaucer": "Platillo marciano",
		"MartianSaucerCannon": "Cañón de platillo marciano",
		"MartianSaucerCore": "Platillo marciano",
		"MartianSaucerTurret": "Torreta de platillo marciano",
		"MartianWalker": "Caminante marciano",
		"Medusa": "Medusa",
		"MoonLordCore": "Núcleo del Señor de la Luna",
		"MoonLordHand": "Mano del Señor de la Luna",
		"MoonLordHead": "Señor de la Luna",
		"Mothron": "Polillón",
		"MothronEgg": "Huevo de polillón",
		"MothronSpawn": "Polillón bebé",
		"Nailhead": "Cabezaclavo",
		"NebulaBeast": "Bestia evolutiva",
		"NebulaBrain": "Flotante de nebulosa",
		"NebulaHeadcrab": "Lactacerebros",
		"NebulaSoldier": "Predictor",
		"PartyBunny": "Conejo",
		"Psycho": "Psicópata",
		"Salamander": "Salamandra",
		"Salamander2": "Salamandra",
		"Salamander3": "Salamandra",
		"Salamander4": "Salamandra",
		"Salamander5": "Salamandra",
		"Salamander6": "Salamandra",
		"Salamander7": "Salamandra",
		"Salamander8": "Salamandra",
		"Salamander9": "Salamandra",
		"SandElemental": "Elemental de arena",
		"SandShark": "Tiburón de arena",
		"SandsharkCorrupt": "Muerdehuesos",
		"SandsharkCrimson": "Segador de carne",
		"SandsharkHallow": "Trilladora de cristal",
		"SandSlime": "Slime de arena",
		"ShadowFlameApparition": "Aparición de Llamas oscuras",
		"SlimeSpiked": "Slime puntiagudo",
		"Sluggy": "Baboso",
		"SolarFlare": "Bengala solar",
		"SolarGoop": "Fragmento solar",
		"SolarSpearman": "Drakaniano",
		"SquirrelGold": "Ardilla dorada",
		"SquirrelRed": "Ardilla roja",
		"StardustCellBig": "Célula estelar",
		"StardustCellSmall": "Célula estelar",
		"StardustJellyfishBig": "Invasor del ritmo",
		"StardustSoldier": "Observaestrellas",
		"StardustSpiderBig": "Lanzacentelleos",
		"StardustSpiderSmall": "Centelleo",
		"StardustWormHead": "Tejedor de la vía láctea",
		"TargetDummy": "Muñeco de pruebas",
		"TaxCollector": "Recaudador de impuestos",
		"TheBride": "La Novia",
		"ThePossessed": "El Poseído",
		"TombCrawlerBody": "Trepatumbas",
		"TombCrawlerHead": "Trepatumbas",
		"TombCrawlerTail": "Trepatumbas",
		"Tumbleweed": "Volteador enfadado",
		"VortexHornet": "Avispa alienígena",
		"VortexHornetQueen": "Reina alienígena",
		"VortexLarva": "Larva alienígena",
		"VortexRifleman": "Navegatormentas",
		"VortexSoldier": "Vorticiano",
		"WalkingAntlion": "Cargador de hormigas león",
		"DD2GoblinBomberT2": "{$NPCName.DD2GoblinBomberT1}",
		"DD2WyvernT3": "{$NPCName.DD2WyvernT1}",
		"DD2WyvernT2": "{$NPCName.DD2WyvernT1}",
		"DD2OgreT3": "{$NPCName.DD2OgreT2}",
		"DD2WitherBeastT3": "{$NPCName.DD2WitherBeastT2}",
		"DD2SkeletonT3": "{$NPCName.DD2SkeletonT1}",
		"DD2KoboldWalkerT3": "{$NPCName.DD2KoboldWalkerT2}",
		"DD2DrakinT3": "{$NPCName.DD2DrakinT2}",
		"DD2DarkMageT3": "{$NPCName.DD2DarkMageT1}",
		"DD2KoboldFlyerT3": "{$NPCName.DD2KoboldFlyerT2}",
		"BabySlime": "Slime bebé",
		"BigRainZombie": "Zombi",
		"BlackSlime": "Slime negro",
		"DD2Bartender": "Tabernero",
		"DD2Betsy": "Betsy",
		"DD2DarkMageT1": "Mago negro",
		"DD2DrakinT2": "Drakin",
		"DD2EterniaCrystal": "Cristal eternia",
		"DD2GoblinBomberT1": "Duende etéreo bombardero",
		"DD2GoblinT1": "Duende etéreo",
		"DD2JavelinstT1": "Lanzajabalinas etéreo",
		"DD2KoboldFlyerT2": "Planeador kobold",
		"DD2KoboldWalkerT2": "Kobold",
		"DD2LightningBugT3": "Insecto rayo etéreo",
		"DD2OgreT2": "Ogro",
		"DD2SkeletonT1": "Esqueleto del Antiguo",
		"DD2WitherBeastT2": "Bestia marchita",
		"DD2WyvernT1": "Guiverno etéreo",
		"GreenSlime": "Slime verde",
		"JungleSlime": "Slime selvático",
		"Pinky": "Slime rosa",
		"PurpleSlime": "Slime morado",
		"RedSlime": "Slime rojo",
		"Slimeling": "Slimeling",
		"Slimer2": "Slimer",
		"SmallRainZombie": "Zombi",
		"YellowSlime": "Slime amarillo",
		"MoonLordFreeEye": "Auténtico ojo de Cthulhu",
		"MoonLordLeechBlob": "Coágulo de sanguijuela lunar",
		"SkeletonMerchant": "Mercader esquelético",
		"PirateShip": "Holandés volador",
		"PirateShipCannon": "Cañón holandés",
		"BartenderUnconscious": "Hombre inconsciente"
	}
}