{
	"ProjectileName": {
		"AdamantiteChainsaw": "Motosierra de adamantita",
		"AdamantiteDrill": "Taladro de adamantita",
		"AdamantiteGlaive": "Guja de adamantita",
		"Amarok": "Yoyó",
		"AmberBolt": "Rayo de ámbar",
		"AmethystBolt": "Rayo amatista",
		"Anchor": "Ancla",
		"AncientDoomProjectile": "Fin de la profecía",
		"AntiGravityHook": "Gancho antigravitatorio",
		"Arkhalis": "Arkhalis",
		"AshBallFalling": "Bola de ceniza",
		"BabyDino": "Dinosaurio bebé",
		"BabyEater": "Comealmas bebé",
		"BabyFaceMonster": "Caramonstruo bebé",
		"BabyGrinch": "Grinch bebé",
		"BabyHornet": "Avispón bebé",
		"BabySkeletronHead": "Cabeza de esqueletrón bebé",
		"BabySlime": "Slime bebé",
		"BabySnowman": "Muñeco de nieve bebé",
		"BabySpider": "Araña bebé",
		"BallofFire": "Bola de fuego",
		"BallofFrost": "Bola de hielo",
		"BallOHurt": "Flagelo con bola",
		"Bananarang": "Bumerán plátano",
		"Bat": "Murciélago",
		"BatHook": "Gancho de murciélago",
		"BeachBall": "Balón de playa",
		"Bee": "Abeja",
		"BeeArrow": "Flecha de abejas",
		"BeeHive": "Colmena de abejas",
		"Beenade": "Granabeja",
		"BlackBolt": "Desintegrador de ónice",
		"BlackCat": "Gato negro",
		"BlackCounterweight": "Contrapeso",
		"Blizzard": "Ventisca",
		"BloodCloudMoving": "Nube de sangre",
		"BloodCloudRaining": "Nube de sangre",
		"BloodRain": "Lluvia de sangre",
		"BloodWater": "Agua sangrienta",
		"BloodyMachete": "Machete sangriento",
		"BlowupSmoke": "Humo de explosión",
		"BlowupSmokeMoonlord": "Humo de explosión",
		"BlueCounterweight": "Contrapeso",
		"BlueFairy": "Hada azul",
		"BlueFlare": "Bengala azul",
		"BlueMoon": "Luna azul",
		"BobberFiberglass": "Corcho de pesca",
		"BobberFisherOfSouls": "Corcho de pesca",
		"BobberFleshcatcher": "Corcho de pesca",
		"BobberGolden": "Corcho de pesca",
		"BobberHotline": "Corcho de pesca",
		"BobberMechanics": "Corcho de pesca",
		"BobberReinforced": "Corcho de pesca",
		"BobbersittingDuck": "Corcho de pesca",
		"BobberWooden": "Corcho de pesca",
		"Bomb": "Bomba",
		"BombFish": "Pez bomba",
		"BombSkeletronPrime": "Bomba",
		"Bone": "Hueso",
		"BoneArrow": "Flecha de hueso",
		"BoneArrowFromMerchant": "Flecha de hueso",
		"BoneDagger": "Daga de hueso",
		"BoneGloveProj": "Hueso X",
		"BoneJavelin": "Jabalina de hueso",
		"Boulder": "Roca",
		"BoulderStaffOfEarth": "Roca",
		"BouncyBomb": "Bomba saltarina",
		"BouncyDynamite": "Dinamita saltarina",
		"BouncyGlowstick": "Palo brillante saltarín",
		"BouncyGrenade": "Granada saltarina",
		"BoxingGlove": "Guante de boxeo",
		"BrainOfConfusion": "Cerebro de confusión",
		"BrainScramblerBolt": "Proyectil destrozacerebros",
		"Bubble": "Burbuja",
		"Bullet": "Bala",
		"BulletDeadeye": "Bala",
		"BulletHighVelocity": "Bala",
		"BulletSnowman": "Bala",
		"Bunny": "Conejo",
		"ButchersChainsaw": "Motosierra de carnicero",
		"CandyCaneHook": "Gancho de bastón de caramelo",
		"CandyCorn": "Maíz de caramelo",
		"CannonballFriendly": "Bala de cañón",
		"CannonballHostile": "Bala de cañón",
		"Cascade": "Yoyó",
		"ChainGuillotine": "Guillotina encadenada",
		"ChainKnife": "Motocuchillo",
		"ChargedBlasterCannon": "Cañón desintegrador cargado",
		"ChargedBlasterLaser": "Láser desintegrador cargado",
		"ChargedBlasterOrb": "Orbe desintegrador cargado",
		"Chik": "Yoyó",
		"ChlorophyteArrow": "Flecha de clorofita",
		"ChlorophyteBullet": "Bala",
		"ChlorophyteChainsaw": "Motosierra de clorofita",
		"ChlorophyteDrill": "Taladro de clorofita",
		"ChlorophyteJackhammer": "Martillo neumático de clorofita",
		"ChlorophyteOrb": "Orbe de clorofita",
		"ChlorophytePartisan": "Partisana de clorofita",
		"ChristmasHook": "Gancho navideño",
		"ClingerStaff": "Llamas malditas",
		"ClothiersCurse": "Calavera",
		"CobaltChainsaw": "Motosierra de cobalto",
		"CobaltDrill": "Taladro de cobalto",
		"CobaltNaginata": "Naginata de cobalto",
		"Code1": "Yoyó",
		"Code2": "Yoyó",
		"CoinPortal": "Portal de moneda",
		"CompanionCube": "Cubo de compañía",
		"ConfettiGun": "Confeti",
		"ConfettiMelee": "Confeti",
		"CopperCoin": "Moneda de cobre",
		"CopperCoinsFalling": "Monedas de cobre",
		"CorruptSpray": "Aerosol corrupto",
		"CorruptYoyo": "Yoyó",
		"CrimsandBallFalling": "Bala de arena carmesí",
		"CrimsandBallGun": "Bala de arena carmesí",
		"CrimsonHeart": "Corazón carmesí",
		"CrimsonSpray": "Aerosol carmesí",
		"CrimsonYoyo": "Yoyó",
		"CrossGraveMarker": "Lápida",
		"CrystalBullet": "Bala de cristal",
		"CrystalDart": "Dardo de cristal",
		"CrystalLeaf": "Hoja de cristal",
		"CrystalLeafShot": "Hoja de cristal",
		"CrystalPulse": "Carga de cristal",
		"CrystalPulse2": "Carga de cristal",
		"CrystalShard": "Fragmento de cristal",
		"CrystalStorm": "Tormenta de cristal",
		"CrystalVileShardHead": "Fragmento vil de cristal",
		"CrystalVileShardShaft": "Fragmento vil de cristal",
		"Cthulunado": "Tornado de Cthulhus",
		"CultistBossFireBall": "Bola de fuego",
		"CultistBossFireBallClone": "Bola de fuego sombría",
		"CultistBossIceMist": "Niebla de hielo",
		"CultistBossLightningOrb": "Orbe de rayo",
		"CultistBossLightningOrbArc": "Arco de robe de rayo",
		"CultistBossParticle": "Energía",
		"CultistRitual": "Ritual de rayo",
		"CursedArrow": "Flecha maldita",
		"CursedBullet": "Bala maldita",
		"CursedDart": "Dardo maldito",
		"CursedDartFlame": "Llama maldita",
		"CursedFlameFriendly": "Llama maldita",
		"CursedFlameHostile": "Llama maldita",
		"CursedSapling": "Retoño maldito",
		"DangerousSpider": "Araña peligrosa",
		"DarkLance": "Lanza de la oscuridad",
		"Daybreak": "Amanecer",
		"DD2FlameBurstTowerT1": "Torre lanzallamas",
		"DD2FlameBurstTowerT1Shot": "Torre lanzallamas",
		"DD2FlameBurstTowerT2": "Torre lanzallamas",
		"DD2FlameBurstTowerT2Shot": "Torre lanzallamas",
		"DD2FlameBurstTowerT3": "Torre lanzallamas",
		"DD2FlameBurstTowerT3Shot": "Torre lanzallamas",
		"DD2JavelinHostile": "Jabalina",
		"DeadlySphere": "Esfera letal",
		"DeathLaser": "Láser de la muerte",
		"DeathSickle": "Hoz mortífera",
		"DemonScythe": "Guadaña demoníaca",
		"DemonSickle": "Hoz demoníaca",
		"DesertDjinnCurse": "Maldición del espíritu del desierto",
		"DiamondBolt": "Rayo de diamante",
		"DirtBall": "Bola de porquería",
		"DrillMountCrosshair": "Mira de taladro",
		"DrManFlyFlask": "Vial",
		"DryadsWardCircle": "Defensa de dríada",
		"DualHookBlue": "Gancho",
		"DualHookRed": "Gancho",
		"Dynamite": "Dinamita",
		"EatersBite": "Mordisco del comedor",
		"EbonsandBallFalling": "Bola de arena de ébano",
		"EbonsandBallGun": "Bola de arena de ébano",
		"EighthNote": "Nota",
		"Electrosphere": "Electroesfera",
		"ElectrosphereMissile": "Misil de electroesfera",
		"EmeraldBolt": "Proyectil esmeralda",
		"EnchantedBeam": "Rayo encantado",
		"EnchantedBoomerang": "Bumerán encantado",
		"ExplosiveBullet": "Bala explosiva",
		"ExplosiveBunny": "Conejo explosivo",
		"Explosives": "Explosivos",
		"EyeBeam": "Rayo ocular",
		"EyeFire": "Fuego ocular",
		"EyeLaser": "Láser ocular",
		"EyeSpring": "Brote ocular",
		"FallingStar": "Estrella fugaz",
		"FireArrow": "Flecha de fuego",
		"Fireball": "Bola de fuego",
		"FireworkFountainBlue": "Fuente de fuegos artificiales",
		"FireworkFountainRainbow": "Fuente de fuegos artificiales",
		"FireworkFountainRed": "Fuente de fuegos artificiales",
		"FireworkFountainYellow": "Fuente de fuegos artificiales",
		"FishHook": "Anzuelo",
		"Flairon": "Flairon",
		"FlaironBubble": "Burbuja de Flairon",
		"Flamarang": "Bumerán en llamas",
		"Flamelash": "Látigo de llamas",
		"Flames": "Llamas",
		"FlamesTrap": "Llamas",
		"FlamethrowerTrap": "Lanzallamas",
		"FlamingArrow": "Flecha ardiente",
		"FlamingJack": "Jack llameante",
		"FlamingScythe": "Guadaña ardiente",
		"FlamingWood": "Madera ardiente",
		"Flare": "Bengala",
		"FlowerPetal": "Pétalo de flor",
		"FlowerPow": "Florecillas",
		"FlowerPowPetal": "Florecillas",
		"FlyingImp": "Diablillo volador",
		"FlyingKnife": "Cuchillo volador",
		"FlyingPiggyBank": "Hucha voladora",
		"FormatC": "Yoyó",
		"FoulPotion": "Poción de la locura",
		"FrostArrow": "Flecha de hielo",
		"FrostBeam": "Rayo de hielo",
		"FrostBlastFriendly": "Explosión helada",
		"FrostBlastHostile": "Explosión helada",
		"FrostBoltStaff": "Rayo de escarcha",
		"FrostBoltSword": "Rayo de escarcha",
		"FrostburnArrow": "Flecha de quemadura gélida",
		"FrostDaggerfish": "Pez daga de escarcha",
		"FrostHydra": "Hidra helada",
		"FrostShard": "Esquirla gélida",
		"FrostWave": "Ola de frío",
		"FruitcakeChakram": "Chakram de tarta de frutas",
		"GemHookAmethyst": "Garfio gema",
		"GemHookDiamond": "Garfio gema",
		"GemHookEmerald": "Garfio gema",
		"GemHookRuby": "Garfio gema",
		"GemHookSapphire": "Garfio gema",
		"GemHookTopaz": "Garfio gema",
		"GeyserTrap": "Géiser",
		"GiantBee": "Abeja",
		"GigaZapperSpear": "Punta de lanza de gigazapper",
		"Glowstick": "Varita luminosa",
		"GoldCoin": "Moneda de oro",
		"GoldCoinsFalling": "Monedas de oro",
		"GoldenBullet": "Bala de oro",
		"GoldenShowerFriendly": "Ducha dorada",
		"GoldenShowerHostile": "Ducha dorada",
		"GolemFist": "Puño de gólem",
		"Gradient": "Yoyó",
		"GraveMarker": "Lápida",
		"Gravestone": "Lápida",
		"GreekFire1": "Fuego griego",
		"GreekFire2": "Fuego griego",
		"GreekFire3": "Fuego griego",
		"GreenCounterweight": "Contrapeso",
		"GreenFairy": "Hada rosa",
		"GreenLaser": "Láser verde",
		"Grenade": "Granada",
		"GrenadeI": "Granada",
		"GrenadeII": "Granada",
		"GrenadeIII": "Granada",
		"GrenadeIV": "Granada",
		"Gungnir": "Gungnir",
		"HallowSpray": "Aerosol sagrado",
		"HallowStar": "Estrella sagrada",
		"Hamdrax": "Martitaladrahacha",
		"HappyBomb": "Bomba feliz",
		"Harpoon": "Arpón",
		"HarpyFeather": "Pluma de arpía",
		"Headstone": "Lápida",
		"HeatRay": "Rayo calorífico",
		"HelFire": "Yoyó",
		"HellfireArrow": "Flecha de fuego infernal",
		"Hellwing": "Ala infernal",
		"HolyArrow": "Flecha sagrada",
		"HolyWater": "Agua sagrada",
		"Hook": "Gancho",
		"Hornet": "Avispón",
		"HornetStinger": "Aguijón de avispón",
		"IceBlock": "Bloque de hielo",
		"IceBolt": "Rayo de hielo",
		"IceBoomerang": "Bumerán de hielo",
		"IceSickle": "Hoz de hielo",
		"IceSpike": "Púa de hielo",
		"IcewaterSpit": "Espetón de agua helada",
		"IchorArrow": "Flecha de icor",
		"IchorBullet": "Bala de icor",
		"IchorDart": "Dardo de icor",
		"IchorSplash": "Salpicadura de icor",
		"IlluminantHook": "Gancho",
		"ImpFireball": "Bola de fuego de diablillo",
		"InfernoFriendlyBlast": "Infierno",
		"InfernoFriendlyBolt": "Infierno",
		"InfernoHostileBlast": "Infierno",
		"InfernoHostileBolt": "Infierno",
		"InfluxWaver": "Generadora de flujos",
		"IvyWhip": "Látigo de hiedra",
		"JackOLantern": "Linterna calabaza",
		"JavelinFriendly": "Jabalina",
		"JavelinHostile": "Jabalina",
		"JestersArrow": "Flecha de bufón",
		"JumperSpider": "Araña saltarina",
		"JungleSpike": "Espina de la jungla",
		"JungleYoyo": "Yoyó",
		"Kraken": "Yoyó",
		"Landmine": "Mina antipersonal",
		"LaserDrill": "Taladro láser",
		"LaserMachinegun": "Metralleta láser",
		"LaserMachinegunLaser": "Láser",
		"LastPrism": "Último prisma",
		"LastPrismLaser": "Último prisma",
		"Leaf": "Hoja",
		"LightBeam": "Rayo de luz",
		"LightDisc": "Disco de luz",
		"LostSoulFriendly": "Alma perdida",
		"LostSoulHostile": "Alma perdida",
		"LovePotion": "Poción del amor",
		"LunarFlare": "Bengala lunar",
		"LunarHookNebula": "Gancho lunar",
		"LunarHookSolar": "Gancho lunar",
		"LunarHookStardust": "Gancho lunar",
		"LunarHookVortex": "Gancho lunar",
		"MagicDagger": "Daga mágica",
		"MagicLantern": "Linterna mágica",
		"MagicMissile": "Proyectil mágico",
		"MagnetSphereBall": "Esfera magnética",
		"MagnetSphereBolt": "Esfera magnética",
		"MartianTurretBolt": "Rayo eléctrico",
		"MartianWalkerLaser": "Rayo láser",
		"MechanicalPiranha": "Piraña mecánica",
		"MechanicWrench": "Llave inglesa de mecánico",
		"MedusaHead": "Rayo de medusa",
		"MedusaHeadRay": "Rayo de medusa",
		"Meowmere": "Filomiau",
		"Meteor1": "Meteorito",
		"Meteor2": "Meteorito",
		"Meteor3": "Meteorito",
		"MeteorShot": "Proyectil de meteorito",
		"MinecartMechLaser": "Láser de vagoneta",
		"MiniMinotaur": "Pequeño minotauro",
		"MiniRetinaLaser": "Láser de minirretina",
		"MiniSharkron": "Pequeño tiburrón",
		"Missile": "Misil",
		"MolotovCocktail": "Cóctel molotov",
		"MolotovFire": "Fuego de molotov",
		"MolotovFire2": "Fuego de molotov",
		"MolotovFire3": "Fuego de molotov",
		"MoonLeech": "Sanguijuela lunar",
		"MoonlordArrow": "Flecha de luminita",
		"MoonlordArrowTrail": "Flecha de luminita",
		"MoonlordBullet": "Bala de luminita",
		"MoonlordTurret": "Portal lunar",
		"MoonlordTurretLaser": "Láser del portal lunar",
		"MudBall": "Bola de barro",
		"Mushroom": "Champiñón",
		"MushroomSpear": "Lanza de champiñón",
		"MushroomSpray": "Aerosol champiñón",
		"MythrilChainsaw": "Motosierra de mithril",
		"MythrilDrill": "Taladro de mithril",
		"MythrilHalberd": "Alabarda de mithril",
		"Nail": "Clavo",
		"NailFriendly": "Clavo",
		"NanoBullet": "Nanobala",
		"NebulaArcanum": "Arcanum de nebulosa",
		"NebulaArcanumExplosionShot": "Arcanum de nebulosa",
		"NebulaArcanumExplosionShotShard": "Arcanum de nebulosa",
		"NebulaArcanumSubshot": "Arcanum de nebulosa",
		"NebulaBlaze1": "Llama de nebulosa",
		"NebulaBlaze2": "Llama de nebulosa ex",
		"NebulaBolt": "Perforador de nebulosa",
		"NebulaChainsaw": "Motosierra de nebulosa",
		"NebulaDrill": "Taladro de nebulosa",
		"NebulaEye": "Ojo de nebulosa",
		"NebulaLaser": "Láser de nebulosa",
		"NebulaSphere": "Espera de nebulosa",
		"NettleBurstEnd": "Relámpago de ortigas",
		"NettleBurstLeft": "Relámpago de ortigas",
		"NettleBurstRight": "Relámpago de ortigas",
		"NightBeam": "Rayo nocturno",
		"None": "",
		"NorthPoleSnowflake": "Polo Norte",
		"NorthPoleSpear": "Polo Norte",
		"NorthPoleWeapon": "Polo Norte",
		"NurseSyringeHeal": "Jeringa",
		"NurseSyringeHurt": "Jeringa",
		"Obelisk": "Lápida",
		"ObsidianSwordfish": "Pez espada de obsidiana",
		"OneEyedPirate": "Pirata tuerto",
		"OrichalcumChainsaw": "Motosierra de oricalco",
		"OrichalcumDrill": "Taladro de oricalco",
		"OrichalcumHalberd": "Alabarda de oricalco",
		"OrnamentFriendly": "Adorno",
		"OrnamentHostile": "Adorno",
		"OrnamentHostileShrapnel": "Adorno",
		"PainterPaintball": "Paintball",
		"PaladinsHammerFriendly": "Martillo del paladín",
		"PaladinsHammerHostile": "Martillo del paladín",
		"PalladiumChainsaw": "Motosierra de paladio",
		"PalladiumDrill": "Taladro de paladio",
		"PalladiumPike": "Pica de paladio",
		"Parrot": "Loro",
		"PartyBullet": "Bala fiestera",
		"PartyGirlGrenade": "Granada de confeti",
		"PearlSandBallFalling": "Bola de arena de perla",
		"PearlSandBallGun": "Bola de arena de perla",
		"Penguin": "Pingüino",
		"PetLizard": "Lagarto mascota",
		"Phantasm": "Fantasma",
		"PhantasmalBolt": "Rayo fantasmal",
		"PhantasmalDeathray": "Rayo mortal fantasmal",
		"PhantasmalEye": "Ojo fantasmal",
		"PhantasmalSphere": "Esfera fantasmal",
		"PhantasmArrow": "Fantasma",
		"PhasicWarpDisc": "",
		"PhasicWarpEjector": "",
		"PineNeedleFriendly": "Aguja de pino",
		"PineNeedleHostile": "Aguja de pino",
		"PinkFairy": "Hada rosa",
		"PinkLaser": "Láser rosa",
		"PirateCaptain": "Capitán pirata",
		"PlatinumCoin": "Moneda de platino",
		"PlatinumCoinsFalling": "Monedas de platino",
		"PoisonDart": "Dardo venenoso",
		"PoisonDartBlowgun": "Dardo venenoso",
		"PoisonDartTrap": "Dardo venenoso",
		"PoisonedKnife": "Cuchillo envenenado",
		"PoisonFang": "Colmillo venenoso",
		"PoisonSeedPlantera": "Semilla venenosa",
		"PortalGun": "Arma de portales",
		"PortalGunBolt": "Rayo de portales",
		"PortalGunGate": "Puerta de portales",
		"PossessedHatchet": "Hacha de mano poseída",
		"Present": "Regalo",
		"ProximityMineI": "Mina de proximidad",
		"ProximityMineII": "Mina de proximidad",
		"ProximityMineIII": "Mina de proximidad",
		"ProximityMineIV": "Mina de proximidad",
		"PulseBolt": "Rayo de pulsos",
		"Puppy": "Cachorrito",
		"PureSpray": "Aerosol puro",
		"PurificationPowder": "Polvo de purificación",
		"PurpleCounterweight": "Contrapeso",
		"PurpleLaser": "Láser morado",
		"Pygmy": "Pigmeo",
		"Pygmy2": "Pigmeo",
		"Pygmy3": "Pigmeo",
		"Pygmy4": "Pigmeo",
		"PygmySpear": "Pigmeo",
		"QuarterNote": "Nota",
		"RainbowBack": "Arcoíris",
		"RainbowCrystal": "Cristal de arcoíris",
		"RainbowCrystalExplosion": "Explosión de arcoíris",
		"RainbowFront": "Arcoíris",
		"RainbowRodBullet": "Arcoíris",
		"RainCloudMoving": "Nube de lluvia",
		"RainCloudRaining": "Nube de lluvia",
		"RainFriendly": "Lluvia",
		"RainNimbus": "Lluvia",
		"Rally": "Yoyó",
		"Raven": "Cuervo",
		"RayGunnerLaser": "Rayo láser",
		"RedCounterweight": "Contrapeso",
		"RedsYoyo": "Yoyó",
		"Retanimini": "Retanimini",
		"RichGravestone1": "Lápida",
		"RichGravestone2": "Lápida",
		"RichGravestone3": "Lápida",
		"RichGravestone4": "Lápida",
		"RichGravestone5": "Lápida",
		"RocketFireworkBlue": "Cohete",
		"RocketFireworkGreen": "Cohete",
		"RocketFireworkRed": "Cohete",
		"RocketFireworksBoxBlue": "Cohete",
		"RocketFireworksBoxGreen": "Cohete",
		"RocketFireworksBoxRed": "Cohete",
		"RocketFireworksBoxYellow": "Cohete",
		"RocketFireworkYellow": "Cohete",
		"RocketI": "Cohete",
		"RocketII": "Cohete",
		"RocketIII": "Cohete",
		"RocketIV": "Cohete",
		"RocketSkeleton": "Cohete",
		"RocketSnowmanI": "Cohete",
		"RocketSnowmanII": "Cohete",
		"RocketSnowmanIII": "Cohete",
		"RocketSnowmanIV": "Cohete",
		"RopeCoil": "Rollo de cuerda",
		"RottenEgg": "Huevo podrido",
		"RubyBolt": "Rayo rubí",
		"RuneBlast": "Explosión rúnica",
		"SalamanderSpit": "Escupitajo venenoso",
		"SandBallFalling": "Bola de arena",
		"SandBallGun": "Bola de arena",
		"SandnadoFriendly": "Tormenta antigua",
		"SandnadoHostile": "Tormenta antigua",
		"SandnadoHostileMark": "Tormenta antigua",
		"SantaBombs": "Adorno navideño",
		"Sapling": "Retoño",
		"SapphireBolt": "Rayo zafiro",
		"SaucerDeathray": "Rayo mortal marciano",
		"SaucerLaser": "Láser de platillo",
		"SaucerMissile": "Cohete marciano",
		"SaucerScrap": "Chatarra de platillo",
		"SawtoothShark": "Tiburón dientes de sierra",
		"ScutlixLaser": "Láser",
		"ScutlixLaserCrosshair": "Mira de scutlix",
		"ScutlixLaserFriendly": "Láser de scutlix",
		"Seed": "Semilla",
		"SeedlerNut": "Semillera",
		"SeedlerThorn": "Semillera",
		"SeedPlantera": "Semilla",
		"ShadowBeamFriendly": "Rayo de sombra",
		"ShadowBeamHostile": "Rayo de sombra",
		"ShadowFlame": "Llama oscura",
		"ShadowFlameArrow": "Flecha de Llamas oscuras",
		"ShadowFlameKnife": "Cuchillo de Llamas oscuras",
		"Shadowflames": "Llamas oscuras",
		"ShadowOrb": "Orbe sombrío",
		"Sharknado": "Tornado de tiburones",
		"SharknadoBolt": "Rayo de tornado de tiburones",
		"Shuriken": "Estrellas ninja",
		"SilkRopeCoil": "Rollo de cuerda",
		"SiltBall": "Bola de limo",
		"SilverCoin": "Moneda de plata",
		"SilverCoinsFalling": "Monedas de plata",
		"SkeletonBone": "Hueso",
		"SkeletronHand": "Mano de esqueletrón",
		"Skull": "Calavera",
		"SkyFracture": "Fractura celestial",
		"SlimeGun": "Arma slime",
		"SlimeHook": "Gancho de slime",
		"SlushBall": "Bola de aguanieve",
		"SmokeBomb": "Bomba de humo",
		"SniperBullet": "Bala de francotirador",
		"SnowBallFriendly": "Bola de nieve",
		"SnowBallHostile": "Bola de nieve",
		"SolarCounter": "Fulgor solar",
		"SolarFlareChainsaw": "Motosierra de bengala solar",
		"SolarFlareDrill": "Taladro de bengala solar",
		"SolarFlareRay": "Bengala solar",
		"SolarWhipSword": "Erupción solar",
		"SolarWhipSwordExplosion": "Erupción solar",
		"SoulDrain": "Absorción de alma",
		"SoulscourgePirate": "Pirata Azote del Alma",
		"Spark": "Chispa",
		"Spazmamini": "Spazmamini",
		"Spear": "Lanza",
		"SpearTrap": "Lanza",
		"SpectreWrath": "Espectro fantasmal",
		"SpelunkerGlowstick": "Varita luminosa espeleólogo",
		"Spider": "Araña",
		"SpiderEgg": "Huevo de araña",
		"SpiderHiver": "Torreta de araña",
		"Spike": "Púa",
		"SpikedSlimeSpike": "Púa de slime",
		"SpikyBall": "Bola con pinchos",
		"SpikyBallTrap": "Bola con pinchos",
		"SpiritFlame": "Llama espiritual",
		"SpiritHeal": "Curación espiritual",
		"SporeCloud": "Nube de esporas",
		"SporeGas": "Esporas de hongo",
		"SporeGas2": "Esporas de hongo",
		"SporeGas3": "Esporas de hongo",
		"SporeTrap": "Esporas de hongo",
		"SporeTrap2": "Esporas de hongo",
		"Squashling": "Calabacín",
		"Stake": "Estaca",
		"StarAnise": "Anís estrellado",
		"StardustCellMinion": "Célula de polvo estelar",
		"StardustCellMinionShot": "Célula de polvo estelar",
		"StardustChainsaw": "Motosierra de polvo estelar",
		"StardustDragon1": "Dragón de polvo estelar",
		"StardustDragon2": "Dragón de polvo estelar",
		"StardustDragon3": "Dragón de polvo estelar",
		"StardustDragon4": "Dragón de polvo estelar",
		"StardustDrill": "Taladro de polvo estelar",
		"StardustGuardian": "Guardián de polvo estelar",
		"StardustGuardianExplosion": "Explosión estelar",
		"StardustJellyfishSmall": "Invasor del ritmo",
		"StardustSoldierLaser": "Láser de polvo estelar",
		"StardustTowerMark": "Marca estelar",
		"Starfury": "Furia de estrellas",
		"StarWrath": "Espectro estelar",
		"StaticHook": "Gancho estático",
		"StickyBomb": "Bomba lapa",
		"StickyDynamite": "Dinamita adhesiva",
		"StickyGlowstick": "Varita luminosa adhesiva",
		"StickyGrenade": "Granada adhesiva",
		"Stinger": "Aguijón",
		"Stynger": "Stynger",
		"StyngerShrapnel": "Stynger",
		"Sunfury": "Furia solar",
		"SuspiciousTentacle": "Tentáculo de aspecto sospechoso",
		"SwordBeam": "Espada encantada",
		"Swordfish": "Pez espada",
		"Tempest": "Tempestad",
		"TendonHook": "Gancho",
		"TerraBeam": "Rayo terrestre",
		"Terrarian": "Terrariano",
		"TerrarianBeam": "Terrariano",
		"TheDaoofPow": "Flagelo Taoísta",
		"TheEyeOfCthulhu": "Yoyó",
		"TheMeatball": "La albóndiga",
		"TheRottedFork": "El tenedor podrido",
		"ThornBall": "Bola de espinas",
		"ThornChakram": "Chakram de espinas",
		"ThornHook": "Gancho",
		"ThrowingKnife": "Cuchillo arrojadizo",
		"TiedEighthNote": "Nota",
		"TikiSpirit": "Espíritu tiki",
		"TinyEater": "Pequeño devorador",
		"TitaniumChainsaw": "Motosierra de titanio",
		"TitaniumDrill": "Taladro de titanio",
		"TitaniumTrident": "Tridente de titanio",
		"Tombstone": "Lápida",
		"TopazBolt": "Rayo de topacio",
		"TowerDamageBolt": "Energía liberada",
		"ToxicBubble": "Burbuja tóxica",
		"ToxicCloud": "Nube tóxica",
		"ToxicCloud2": "Nube tóxica",
		"ToxicCloud3": "Nube tóxica",
		"ToxicFlask": "Vial tóxico",
		"TrackHook": "Garfio seguidor",
		"Trident": "Tridente",
		"Truffle": "Trufa",
		"TruffleSpore": "Espora de trufas",
		"Turtle": "Tortuga",
		"Twinkle": "Centelleo",
		"Typhoon": "Tifón",
		"UFOLaser": "Rayo de OVNI",
		"UFOMinion": "OVNI",
		"UnholyArrow": "Flecha infame",
		"UnholyTridentFriendly": "Tridente infame",
		"UnholyTridentHostile": "Tridente infame",
		"UnholyWater": "Agua impura",
		"ValkyrieYoyo": "Yoyó",
		"Valor": "Yoyó",
		"VampireHeal": "Curación vampírica",
		"VampireKnife": "Cuchillo vampírico",
		"VenomArrow": "Flecha de ponzoña",
		"VenomBullet": "Bala de ponzoña",
		"VenomFang": "Colmillo venenoso",
		"VenomSpider": "Araña venenosa",
		"ViciousPowder": "Polvo feroz",
		"VilePowder": "Polvo vil",
		"VilethornBase": "Espina vil",
		"VilethornTip": "Espina vil",
		"VineRopeCoil": "Rollo de cuerda de enredadera",
		"VortexAcid": "Pringue alienígena",
		"VortexBeater": "Golpeador del vórtice",
		"VortexBeaterRocket": "Cohete del vórtice",
		"VortexChainsaw": "Motosierra del vórtice",
		"VortexDrill": "Taladro del vórtice",
		"VortexLaser": "Láser del vórtice",
		"VortexLightning": "Rayo del vórtice",
		"VortexVortexLightning": "Vórtice",
		"VortexVortexPortal": "Vórtice",
		"Wasp": "Avispa",
		"WaterBolt": "Proyectil de agua",
		"WaterGun": "Pistola de agua",
		"WaterStream": "Corriente de agua",
		"Web": "Telaraña",
		"WebRopeCoil": "Rollo de cuerda",
		"WebSpit": "Escupitajo de telaraña",
		"WireKite": "Cometa de alambre",
		"Wisp": "Voluta",
		"WoodenArrowFriendly": "Flecha de madera",
		"WoodenArrowHostile": "Flecha de madera",
		"WoodenBoomerang": "Bumerán de madera",
		"WoodHook": "Garfio de madera",
		"WoodYoyo": "Yoyó",
		"WormHook": "Gancho",
		"Xenopopper": "Xenolanzador",
		"Yelets": "Yoyó",
		"YellowCounterweight": "Contrapeso",
		"ZephyrFish": "Pez de zafiro",
		"Ale": "Cerveza",
		"ApprenticeStaffT3Shot": "Ira de Betsy",
		"BookStaffShot": "Libro de la Sabiduría Infinita",
		"DD2ApprenticeStorm": "Torbellino de la Sabiduría Infinita",
		"DD2BallistraProj": "Balista",
		"DD2BallistraTowerT1": "Balista",
		"DD2BallistraTowerT2": "Balista",
		"DD2BallistraTowerT3": "Balista",
		"DD2BetsyArrow": "Muerte aérea",
		"DD2BetsyFireball": "Bola de fuego de Betsy",
		"DD2BetsyFlameBreath": "Aliento de Betsy",
		"DD2DarkMageBolt": "Energía Oscura",
		"DD2DarkMageHeal": "Sigil oscuro",
		"DD2DarkMageRaise": "Sigil oscuro",
		"DD2DrakinShot": "Drakin",
		"DD2ElderWins": "Final aciago",
		"DD2ExplosiveTrapT1": "Trampa explosiva",
		"DD2ExplosiveTrapT1Explosion": "Trampa explosiva",
		"DD2ExplosiveTrapT2": "Trampa explosiva",
		"DD2ExplosiveTrapT2Explosion": "Trampa explosiva",
		"DD2ExplosiveTrapT3": "Trampa explosiva",
		"DD2ExplosiveTrapT3Explosion": "Trampa explosiva",
		"DD2GoblinBomb": "Bomba duende",
		"DD2LightningAuraT1": "Aura de rayo",
		"DD2LightningAuraT2": "Aura de rayo",
		"DD2LightningAuraT3": "Aura de rayo",
		"DD2LightningBugZap": "Proyectil marchitante",
		"DD2OgreSmash": "Pisotón de ogro",
		"DD2OgreSpit": "Escupitajo de ogro",
		"DD2OgreStomp": "Pisotón de ogro",
		"DD2PetDragon": "Hordragón",
		"DD2PetGato": "Gatocóptero",
		"DD2PetGhost": "Espirillama",
		"DD2PhoenixBow": "Fénix fantasma",
		"DD2PhoenixBowShot": "Fénix fantasma",
		"DD2SquireSonicBoom": "Tajo con ganas",
		"DD2Win": "¡Victoria!",
		"MonkStaffT1": "Octópodo adormilado",
		"MonkStaffT1Explosion": "Golpe de palo",
		"MonkStaffT2": "Guja terrible",
		"MonkStaffT2Ghast": "Horror",
		"MonkStaffT3": "Furia del dragón celestial",
		"MonkStaffT3_Alt": "Furia del dragón celestial",
		"MonkStaffT3_AltShot": "Furia del dragón celestial",
		"DD2JavelinHostileT3": "{$ProjectileName.DD2JavelinHostile}"
	}
}