{
	"NPCName": {
		"BlueSlime": "Geleia Azul",
		"GiantWormHead": "Verme Gigante",
		"SeekerTail": "Alimentador de Mundos",
		"Clinger": "Agarrador",
		"AnglerFish": "Peixe-diabo",
		"GreenJellyfish": "Água-viva Verde",
		"Werewolf": "Lobisomem",
		"BoundGoblin": "Goblin Amarrado",
		"BoundWizard": "Mago Amarrado",
		"GoblinTinkerer": "Inventor Goblin",
		"Wizard": "Feiticeiro",
		"Clown": "Palhaço",
		"GiantWormBody": "Verme Gigante",
		"SkeletonArcher": "Arqueiro Esqueleto",
		"GoblinArcher": "Arqueiro Goblin",
		"VileSpit": "Cusparada Infame",
		"WallofFlesh": "Parede de Carne",
		"WallofFleshEye": "Parede de Carne",
		"TheHungry": "O Faminto",
		"TheHungryII": "O Faminto",
		"LeechHead": "Sanguessuga",
		"LeechBody": "Sanguessuga",
		"LeechTail": "Sanguessuga",
		"GiantWormTail": "Verme Gigante",
		"ChaosElemental": "Elemental do Caos",
		"Slimer": "Geleia",
		"Gastropod": "Gastrópode",
		"BoundMechanic": "Mecânico Amarrado",
		"Mechanic": "Mecânico",
		"Retinazer": "Retinaser",
		"Spazmatism": "Spazmatismo",
		"SkeletronPrime": "Esqueletron Alfa",
		"PrimeCannon": "Canhão Alfa",
		"PrimeSaw": "Serra Alfa",
		"EaterofWorldsHead": "Devorador de Mundos",
		"PrimeVice": "Torno Alfa",
		"PrimeLaser": "Laser Alfa",
		"BaldZombie": "Zumbi",
		"WanderingEye": "Olho Errante",
		"TheDestroyer": "O Destruidor",
		"TheDestroyerBody": "O Destruidor",
		"TheDestroyerTail": "O Destruidor",
		"IlluminantBat": "Morcego Luminoso",
		"IlluminantSlime": "Geleia Luminosa",
		"Probe": "Sonda",
		"EaterofWorldsBody": "Devorador de Mundos",
		"PossessedArmor": "Armadura Possuída",
		"ToxicSludge": "Lama Tóxica",
		"SantaClaus": "Papai Noel",
		"SnowmanGangsta": "Boneco de Neve Mafioso",
		"MisterStabby": "Senhor Facas",
		"SnowBalla": "Malandro de Neve",
		"IceSlime": "Geleia de Gelo",
		"Penguin": "Pinguim",
		"PenguinBlack": "Pinguim",
		"EaterofWorldsTail": "Devorador de Mundos",
		"IceBat": "Morcego de Gelo",
		"Lavabat": "Morcego de Lava",
		"GiantFlyingFox": "Raposa Voadora Gigante",
		"GiantTortoise": "Tartaruga Gigante",
		"IceTortoise": "Tartaruga de Gelo",
		"Wolf": "Lobo",
		"RedDevil": "Diabo Vermelho",
		"Arapaima": "Arapaima",
		"VampireBat": "Vampiro",
		"Vampire": "Vampiro",
		"MotherSlime": "Geleia Mãe",
		"Truffle": "Trufa",
		"ZombieEskimo": "Esquimó Zumbi",
		"Frankenstein": "Frankenstein",
		"BlackRecluse": "Aranha Reclusa Negra",
		"WallCreeper": "Aranha Trepadeira",
		"WallCreeperWall": "Aranha Trepadeira",
		"SwampThing": "Monstro do Pântano",
		"UndeadViking": "Viking Zumbi",
		"CorruptPenguin": "Pinguim Corrompido",
		"IceElemental": "Elemental de Gelo",
		"Merchant": "Comerciante",
		"PigronCorruption": "Porco-dragão",
		"PigronHallow": "Porco-dragão",
		"RuneWizard": "Mago das Runas",
		"Crimera": "Crimera",
		"Herpling": "Herpling",
		"AngryTrapper": "Planta Carnívora Furiosa",
		"MossHornet": "Vespa de Musgo",
		"Derpling": "Derpling",
		"Steampunker": "Steampunker",
		"CrimsonAxe": "Machado de Carmim",
		"Nurse": "Enfermeira",
		"PigronCrimson": "Porco-dragão",
		"FaceMonster": "Monstro da Face",
		"FloatyGross": "Nojento Flutuante",
		"Crimslime": "Geleia de Carmim",
		"SpikedIceSlime": "Geleia de Gelo com Espinhos",
		"SnowFlinx": "Flinx de Neve",
		"PincushionZombie": "Zumbi",
		"SlimedZombie": "Zumbi",
		"SwampZombie": "Zumbi",
		"TwiggyZombie": "Zumbi",
		"ArmsDealer": "Comerciante de Armas",
		"CataractEye": "Olho Demoníaco",
		"SleepyEye": "Olho Demoníaco",
		"DialatedEye": "Olho Demoníaco",
		"GreenEye": "Olho Demoníaco",
		"PurpleEye": "Olho Demoníaco",
		"LostGirl": "Garota Perdida",
		"Nymph": "Ninfa",
		"ArmoredViking": "Viking Armado",
		"Lihzahrd": "Lagharto",
		"LihzahrdCrawler": "Lagharto",
		"DemonEye": "Olho Demoníaco",
		"Dryad": "Dríade",
		"FemaleZombie": "Zumbi",
		"HeadacheSkeleton": "Esqueleto",
		"MisassembledSkeleton": "Esqueleto",
		"PantlessSkeleton": "Esqueleto",
		"SpikedJungleSlime": "Geleia da Selva com Espinhos",
		"Moth": "Mariposa",
		"IcyMerman": "Tritão Gelado",
		"DyeTrader": "Comerciante de Tinturas",
		"PartyGirl": "Garota da Festa",
		"Cyborg": "Ciborgue",
		"Skeleton": "Esqueleto",
		"Bee": "Abelha",
		"BeeSmall": "Abelha",
		"PirateDeckhand": "Marinheiro Pirata",
		"PirateCorsair": "Corsário Pirata",
		"PirateDeadeye": "Pirata Caolho",
		"PirateCrossbower": "Pirata Atirador",
		"PirateCaptain": "Capitão Pirata",
		"CochinealBeetle": "Besouro da Cochonilha",
		"CyanBeetle": "Besouro Ciano",
		"LacBeetle": "Besouro da Laca",
		"Guide": "Guia",
		"SeaSnail": "Caracol do Mar",
		"Squid": "Lula",
		"QueenBee": "Abelha Rainha",
		"ZombieRaincoat": "Zumbi com Capa de Chuva",
		"FlyingFish": "Peixe Voador",
		"UmbrellaSlime": "Geleia com Guarda-chuva",
		"FlyingSnake": "Cobra Voadora",
		"Painter": "Pintor",
		"WitchDoctor": "Médico Bruxo",
		"Pirate": "Pirata",
		"MeteorHead": "Cabeça de Meteoro",
		"GoldfishWalker": "Peixe-dourado",
		"HornetFatty": "Vespa",
		"HornetHoney": "Vespa",
		"HornetLeafy": "Vespa",
		"HornetSpikey": "Vespa",
		"HornetStingy": "Vespa",
		"JungleCreeper": "Aranha da Selva",
		"JungleCreeperWall": "Aranha da Selva",
		"BlackRecluseWall": "Aranha Reclusa Negra",
		"BloodCrawler": "Aranha de Sangue",
		"FireImp": "Demônio de Fogo",
		"BloodCrawlerWall": "Aranha de Sangue",
		"BloodFeeder": "Peixe de Sangue",
		"BloodJelly": "Água-viva de Sangue",
		"IceGolem": "Golem de Gelo",
		"RainbowSlime": "Geleia do Arco-íris",
		"Golem": "Golem",
		"GolemHead": "Cabeça de Golem",
		"GolemFistLeft": "Punho de Golem",
		"GolemFistRight": "Punho de Golem",
		"GolemHeadFree": "Cabeça de Golem",
		"BurningSphere": "Esfera Ardente",
		"AngryNimbus": "Nuvem com Raiva",
		"Eyezor": "Zumbolho",
		"Parrot": "Papagaio",
		"Reaper": "Ceifador",
		"ZombieMushroom": "Zumbi com Esporos",
		"ZombieMushroomHat": "Zumbi com Esporos",
		"FungoFish": "Fungo-peixe",
		"AnomuraFungus": "Fungo Anomura",
		"MushiLadybug": "Joaninha Azul",
		"FungiBulb": "Bulbo de Fungos",
		"GoblinPeon": "Peão Goblin",
		"GiantFungiBulb": "Bulbo de Fungos Gigante",
		"FungiSpore": "Esporo de Fungos",
		"Plantera": "Plantera",
		"PlanterasHook": "Gancho da Plantera",
		"PlanterasTentacle": "Tentáculo da Plantera",
		"Spore": "Esporo",
		"BrainofCthulhu": "Cérebro de Cthulhu",
		"Creeper": "Creeper",
		"IchorSticker": "Adesivo de Ichor",
		"RustyArmoredBonesAxe": "Ossos com Armadura Enferrujada",
		"GoblinThief": "Ladrão Goblin",
		"RustyArmoredBonesFlail": "Ossos com Armadura Enferrujada",
		"RustyArmoredBonesSword": "Ossos com Armadura Enferrujada",
		"RustyArmoredBonesSwordNoArmor": "Ossos com Armadura Enferrujada",
		"BlueArmoredBones": "Ossos com Armadura Azul",
		"BlueArmoredBonesMace": "Ossos com Armadura Azul",
		"BlueArmoredBonesNoPants": "Ossos com Armadura Azul",
		"BlueArmoredBonesSword": "Ossos com Armadura Azul",
		"HellArmoredBones": "Ossos com Armadura Infernal",
		"HellArmoredBonesSpikeShield": "Ossos com Armadura Infernal",
		"HellArmoredBonesMace": "Ossos com Armadura Infernal",
		"GoblinWarrior": "Guerreiro Goblin",
		"HellArmoredBonesSword": "Ossos com Armadura Infernal",
		"RaggedCaster": "Mago em Trapos",
		"RaggedCasterOpenCoat": "Mago em Trapos",
		"Necromancer": "Necromancer",
		"NecromancerArmored": "Necromancer",
		"DiabolistRed": "Satanista",
		"DiabolistWhite": "Satanista",
		"BoneLee": "Bone Lee",
		"DungeonSpirit": "Espírito do Calabouço",
		"GiantCursedSkull": "Caveira Gigante Amaldiçoada",
		"GoblinSorcerer": "Feiticeiro Goblin",
		"Paladin": "Paladino",
		"SkeletonSniper": "Atirador Esqueleto",
		"TacticalSkeleton": "Esqueleto Tático",
		"SkeletonCommando": "Comando Esqueleto",
		"AngryBonesBig": "Ossos Furiosos",
		"AngryBonesBigMuscle": "Ossos Furiosos",
		"AngryBonesBigHelmet": "Ossos Furiosos",
		"BirdBlue": "Gaio-azul",
		"BirdRed": "Cardeal",
		"Squirrel": "Esquilo",
		"Zombie": "Zumbi",
		"ChaosBall": "Bola do Caos",
		"Mouse": "Camundongo",
		"Raven": "Corvo",
		"SlimeMasked": "Geleia",
		"BunnySlimed": "Coelhinho",
		"HoppinJack": "Abóbora Saltitante",
		"Scarecrow1": "Espantalho",
		"Scarecrow2": "Espantalho",
		"Scarecrow3": "Espantalho",
		"Scarecrow4": "Espantalho",
		"Scarecrow5": "Espantalho",
		"AngryBones": "Ossos Furiosos",
		"Scarecrow6": "Espantalho",
		"Scarecrow7": "Espantalho",
		"Scarecrow8": "Espantalho",
		"Scarecrow9": "Espantalho",
		"Scarecrow10": "Espantalho",
		"HeadlessHorseman": "Cavaleiro sem Cabeça",
		"Ghost": "Fantasma",
		"DemonEyeOwl": "Olho Demoníaco",
		"DemonEyeSpaceship": "Olho Demoníaco",
		"ZombieDoctor": "Zumbi",
		"DarkCaster": "Mago das Trevas",
		"ZombieSuperman": "Zumbi",
		"ZombiePixie": "Zumbi",
		"SkeletonTopHat": "Esqueleto",
		"SkeletonAstonaut": "Esqueleto",
		"SkeletonAlien": "Esqueleto",
		"MourningWood": "Árvore da Morte",
		"Splinterling": "Galho Vivo",
		"Pumpking": "Reibóbora",
		"PumpkingBlade": "Reibóbora",
		"Hellhound": "Cão do Inferno",
		"WaterSphere": "Esfera d'água",
		"Poltergeist": "Assombração",
		"ZombieXmas": "Zumbi",
		"ZombieSweater": "Zumbi",
		"SlimeRibbonWhite": "Geleia",
		"SlimeRibbonYellow": "Geleia",
		"SlimeRibbonGreen": "Geleia",
		"SlimeRibbonRed": "Geleia",
		"BunnyXmas": "Coelhinho",
		"ZombieElf": "Elfo Zumbi",
		"ZombieElfBeard": "Elfo Zumbi",
		"CursedSkull": "Caveira Amaldiçoada",
		"ZombieElfGirl": "Elfo Zumbi",
		"PresentMimic": "Presente Falso",
		"GingerbreadMan": "Boneco de Gengibre",
		"Yeti": "Yeti",
		"Everscream": "Everscream",
		"IceQueen": "Rainha do Gelo",
		"SantaNK1": "Papai-Noel-NK1",
		"ElfCopter": "Elf-icóptero",
		"Nutcracker": "Quebra-nozes",
		"NutcrackerSpinning": "Quebra-nozes",
		"SkeletronHead": "Esqueletron",
		"ElfArcher": "Arqueiro Elfo",
		"Krampus": "Krampus",
		"Flocko": "Flocko",
		"Stylist": "Cabeleireira",
		"WebbedStylist": "Cabeleireira nas Teias",
		"Firefly": "Vagalume",
		"Butterfly": "Borboleta",
		"Worm": "Verme",
		"LightningBug": "Inseto Relâmpago",
		"Snail": "Caracol",
		"SkeletronHand": "Esqueletron",
		"GlowingSnail": "Lesma Brilhante",
		"Frog": "Sapo",
		"Duck": "Pato",
		"Duck2": "Pato",
		"DuckWhite": "Pato",
		"DuckWhite2": "Pato",
		"ScorpionBlack": "Escorpião",
		"Scorpion": "Escorpião",
		"TravellingMerchant": "Caixeiro-viajante",
		"Angler": "Pescador",
		"OldMan": "Velho",
		"DukeFishron": "Duque Peixe-dragão",
		"DetonatingBubble": "Bolha Explosiva",
		"Sharkron": "Tubarão-dragão",
		"Sharkron2": "Tubarão-dragão",
		"TruffleWorm": "Verme da Trufa",
		"TruffleWormDigger": "Verme da Trufa",
		"SleepingAngler": "Pescador Adormecido",
		"Grasshopper": "Gafanhoto",
		"ChatteringTeethBomb": "Bomba de Dentes Falsos",
		"CultistArcherBlue": "Arqueiro Cultista Azul",
		"Demolitionist": "Especialista em Demolição",
		"CultistArcherWhite": "Arqueiro Cultista Branco",
		"BrainScrambler": "Embaralhador de Cérebros",
		"RayGunner": "Atirador de Raios",
		"MartianOfficer": "Oficial de Marte",
		"ForceBubble": "Escudo de Bolhas",
		"GrayGrunt": "Soldado Cinza",
		"MartianEngineer": "Engenheiro de Marte",
		"MartianTurret": "Torreão Tesla",
		"MartianDrone": "Drone de Marte",
		"GigaZapper": "Gigaelétrico",
		"BoneSerpentHead": "Serpente de Ossos",
		"ScutlixRider": "Atirador no Scutlix",
		"Scutlix": "Scutlix",
		"EyeofCthulhu": "Olho de Cthulhu",
		"BoneSerpentBody": "Serpente de Ossos",
		"BoneSerpentTail": "Serpente de Ossos",
		"SolarCrawltipedeHead": "Centopeia-Lacraia",
		"SolarCrawltipedeBody": "Centopeia-Lacraia",
		"SolarCrawltipedeTail": "Centopeia-Lacraia",
		"SolarDrakomire": "Dragão de Lava",
		"SolarDrakomireRider": "Cavaleiro do Dragão de Lava",
		"SolarSroller": "Sroller",
		"SolarCorite": "Corite",
		"SolarSolenian": "Seleniano",
		"Hornet": "Vespa",
		"ManEater": "Devorador de Homens",
		"ArmedZombie": "Zumbi",
		"ArmedZombieEskimo": "Esquimó Zumbi",
		"ArmedZombiePincussion": "Zumbi",
		"ArmedZombieSlimed": "Zumbi",
		"ArmedZombieSwamp": "Zumbi",
		"ArmedZombieTwiggy": "Zumbi",
		"ArmedZombieCenx": "Zumbi",
		"UndeadMiner": "Minerador Zumbi",
		"GoldBird": "Pássaro de Ouro",
		"GoldBunny": "Coelhinho de Ouro",
		"GoldButterfly": "Borboleta de Ouro",
		"GoldFrog": "Sapo de Ouro",
		"GoldGrasshopper": "Gafanhoto de Ouro",
		"GoldMouse": "Camundongo de Ouro",
		"GoldWorm": "Verme de Ouro",
		"BoneThrowingSkeleton": "Esqueleto",
		"Tim": "Tim",
		"BoneThrowingSkeleton2": "Esqueleto",
		"BoneThrowingSkeleton3": "Esqueleto",
		"BoneThrowingSkeleton4": "Esqueleto",
		"Bunny": "Coelhinho",
		"CorruptBunny": "Coelhinho Corrompido",
		"Harpy": "Harpia",
		"CaveBat": "Morcego de Caverna",
		"ServantofCthulhu": "Servo de Cthulhu",
		"KingSlime": "Geleia Rei",
		"JungleBat": "Morcego da Selva",
		"DoctorBones": "Doutor Bones",
		"TheGroom": "O Noivo",
		"Clothier": "Alfaiate",
		"Goldfish": "Peixe-dourado",
		"Snatcher": "Agarrador",
		"CorruptGoldfish": "Peixe-dourado Corrompido",
		"Piranha": "Piranha",
		"LavaSlime": "Geleia de Lava",
		"EaterofSouls": "Devorador de Almas",
		"Hellbat": "Morcego Infernal",
		"Vulture": "Abutre",
		"Demon": "Demônio",
		"BlueJellyfish": "Água-viva Azul",
		"PinkJellyfish": "Água-viva Cor-de-rosa",
		"Shark": "Tubarão",
		"VoodooDemon": "Demônio Vodu",
		"Crab": "Caranguejo",
		"DungeonGuardian": "Guardião do Calabouço",
		"Antlion": "Formiga-leão",
		"DevourerHead": "Devorador",
		"SpikeBall": "Bola com Espinhos",
		"DungeonSlime": "Geleia do Calabouço",
		"BlazingWheel": "Roda Flamejante",
		"GoblinScout": "Batedor Goblin",
		"Bird": "Pássaro",
		"Pixie": "Pixie",
		"ArmoredSkeleton": "Esqueleto com Armadura",
		"Mummy": "Múmia",
		"DarkMummy": "Múmia das Trevas",
		"DevourerBody": "Devorador",
		"LightMummy": "Múmia de Luz",
		"CorruptSlime": "Geleia Corrompida",
		"Wraith": "Assombração",
		"CursedHammer": "Martelo Amaldiçoado",
		"EnchantedSword": "Espada Encantada",
		"Mimic": "Mímico",
		"Unicorn": "Unicórnio",
		"WyvernHead": "Serpe",
		"WyvernLegs": "Serpe",
		"WyvernBody": "Serpe",
		"DevourerTail": "Devorador",
		"WyvernBody2": "Serpe",
		"WyvernBody3": "Serpe",
		"WyvernTail": "Serpe",
		"GiantBat": "Morcego Gigante",
		"Corruptor": "Corruptor",
		"DiggerHead": "Cavador",
		"DiggerBody": "Cavador",
		"DiggerTail": "Cavador",
		"SeekerHead": "Alimentador de Mundos",
		"SeekerBody": "Alimentador de Mundos",
		"AncientCultistSquidhead": "Visão Antiga",
		"AncientDoom": "Desgraça Antiga",
		"AncientLight": "Luz Antiga",
		"BigMimicCorruption": "Mímico Corrompido",
		"BigMimicCrimson": "Mímico de Carmim",
		"BigMimicHallow": "Mímico Consagrado",
		"BigMimicJungle": "Mímico da Selva",
		"BloodZombie": "Zumbi Sangrento",
		"Buggy": "Insetinho",
		"Butcher": "Açougueiro",
		"Crawdad": "Caranguejo-Pai",
		"Crawdad2": "Caranguejo-Pai",
		"CreatureFromTheDeep": "Criatura das Profundezas",
		"CrimsonBunny": "Coelhinho de Carmim",
		"CrimsonGoldfish": "Peixe-dourado de Carmim",
		"CrimsonPenguin": "Pinguim Terrível",
		"CultistBoss": "Cultista Lunático",
		"CultistBossClone": "Cultista Lunático",
		"CultistDevote": "Devoto Lunático",
		"CultistDragonBody1": "Dragão Fantasma",
		"CultistDragonBody2": "Dragão Fantasma",
		"CultistDragonBody3": "Dragão Fantasma",
		"CultistDragonBody4": "Dragão Fantasma",
		"CultistDragonHead": "Dragão Fantasma",
		"CultistDragonTail": "Dragão Fantasma",
		"CultistTablet": "Placa Misteriosa",
		"DD2AttackerTest": "???",
		"DD2GoblinT3": "{$NPCName.DD2GoblinT1}",
		"DD2GoblinBomberT3": "{$NPCName.DD2GoblinBomberT1}",
		"DD2JavelinstT2": "{$NPCName.DD2JavelinstT1}",
		"DD2JavelinstT3": "{$NPCName.DD2JavelinstT1}",
		"DD2LanePortal": "Portal Misterioso",
		"DD2GoblinT2": "{$NPCName.DD2GoblinT1}",
		"DeadlySphere": "Esfera Mortal",
		"DemonTaxCollector": "Alma Torturada",
		"DesertBeast": "Basilisco",
		"DesertDjinn": "Espírito do Deserto",
		"DesertGhoul": "Ghoul",
		"DesertGhoulCorruption": "Ghoul Terrível",
		"DesertGhoulCrimson": "Ghoul Marcado",
		"DesertGhoulHallow": "Ghoul Sonhador",
		"DesertLamiaDark": "Cauda de Lâmia",
		"DesertLamiaLight": "Cauda de Lâmia",
		"DesertScorpionWalk": "Caçador de Areia",
		"DesertScorpionWall": "Caçador de Areia",
		"Drippler": "Drippler",
		"DrManFly": "Dr. Homem-Mosca",
		"DuneSplicerBody": "Verme Maldito",
		"DuneSplicerHead": "Verme Maldito",
		"DuneSplicerTail": "Verme Maldito",
		"EnchantedNightcrawler": "Nightcrawler Encantado",
		"FlyingAntlion": "Formiga-leão Voadora",
		"Fritz": "Fritz",
		"GiantShelly": "Shelly Gigante",
		"GiantShelly2": "Shelly Gigante",
		"GoblinSummoner": "Invocador Goblin",
		"GraniteFlyer": "Elemental de Granito",
		"GraniteGolem": "Golem de Granito",
		"GreekSkeleton": "Hoplite",
		"Grubby": "Larvinha",
		"LunarTowerNebula": "Coluna de Nébula",
		"LunarTowerSolar": "Coluna do Sol",
		"LunarTowerStardust": "Coluna de Pó das Estrelas",
		"LunarTowerVortex": "Coluna do Vórtice",
		"MartianProbe": "Sonda de Marte",
		"MartianSaucer": "Disco Voador de Marte",
		"MartianSaucerCannon": "Canhão do Disco Voador de Marte",
		"MartianSaucerCore": "Disco Voador de Marte",
		"MartianSaucerTurret": "Torreão do Disco Voador de Marte",
		"MartianWalker": "Andarilho de Marte",
		"Medusa": "Medusa",
		"MoonLordCore": "Núcleo do Senhor da Lua",
		"MoonLordHand": "Mão do Senhor da Lua",
		"MoonLordHead": "Senhor da Lua",
		"Mothron": "Mothron",
		"MothronEgg": "Ovo de Mothron",
		"MothronSpawn": "Filhote de Mothron",
		"Nailhead": "Cabeça de Pregos",
		"NebulaBeast": "Fera da Evolução",
		"NebulaBrain": "Flutuador de Nébula",
		"NebulaHeadcrab": "Sugador de Cérebros",
		"NebulaSoldier": "Vidente",
		"PartyBunny": "Coelhinho",
		"Psycho": "Psicopata",
		"Salamander": "Salamandra",
		"Salamander2": "Salamandra",
		"Salamander3": "Salamandra",
		"Salamander4": "Salamandra",
		"Salamander5": "Salamandra",
		"Salamander6": "Salamandra",
		"Salamander7": "Salamandra",
		"Salamander8": "Salamandra",
		"Salamander9": "Salamandra",
		"SandElemental": "Elemental de Areia",
		"SandShark": "Tubarão de Areia",
		"SandsharkCorrupt": "Mordedor de Ossos",
		"SandsharkCrimson": "Ladrão de Carne",
		"SandsharkHallow": "Moedor de Cristal",
		"SandSlime": "Geleia de Areia",
		"ShadowFlameApparition": "Aparição das Chamas das Sombras",
		"SlimeSpiked": "Geleia com Espinhos",
		"Sluggy": "Lesminha",
		"SolarFlare": "Chamas do Sol",
		"SolarGoop": "Fragmento do Sol",
		"SolarSpearman": "Draconiano",
		"SquirrelGold": "Esquilo de Ouro",
		"SquirrelRed": "Esquilo Vermelho",
		"StardustCellBig": "Célula de Estrelas",
		"StardustCellSmall": "Célula de Estrelas",
		"StardustJellyfishBig": "Invasor de Fluxo",
		"StardustSoldier": "Observador das Estrelas",
		"StardustSpiderBig": "Criador de Brilhos",
		"StardustSpiderSmall": "Brilho",
		"StardustWormHead": "Explorador da Via-Láctea",
		"TargetDummy": "Boneco para Treinamento",
		"TaxCollector": "Cobrador de Impostos",
		"TheBride": "A Noiva",
		"ThePossessed": "O Possuído",
		"TombCrawlerBody": "Verme das Covas",
		"TombCrawlerHead": "Verme das Covas",
		"TombCrawlerTail": "Verme das Covas",
		"Tumbleweed": "Galhos Furiosos",
		"VortexHornet": "Vespa Alienígena",
		"VortexHornetQueen": "Rainha Vespa",
		"VortexLarva": "Larva Alienígena",
		"VortexRifleman": "Mergulhador da Tempestade",
		"VortexSoldier": "Filho do Vórtice",
		"WalkingAntlion": "Formiga-leão Corredora",
		"DD2GoblinBomberT2": "{$NPCName.DD2GoblinBomberT1}",
		"DD2WyvernT3": "{$NPCName.DD2WyvernT1}",
		"DD2WyvernT2": "{$NPCName.DD2WyvernT1}",
		"DD2OgreT3": "{$NPCName.DD2OgreT2}",
		"DD2WitherBeastT3": "{$NPCName.DD2WitherBeastT2}",
		"DD2SkeletonT3": "{$NPCName.DD2SkeletonT1}",
		"DD2KoboldWalkerT3": "{$NPCName.DD2KoboldWalkerT2}",
		"DD2DrakinT3": "{$NPCName.DD2DrakinT2}",
		"DD2DarkMageT3": "{$NPCName.DD2DarkMageT1}",
		"DD2KoboldFlyerT3": "{$NPCName.DD2KoboldFlyerT2}",
		"BabySlime": "Bebê de Geleia",
		"BigRainZombie": "Zumbi",
		"BlackSlime": "Geleia preta",
		"DD2Bartender": "Taberneiro",
		"DD2Betsy": "Betsy",
		"DD2DarkMageT1": "Mago Sombrio",
		"DD2DrakinT2": "Drakin",
		"DD2EterniaCrystal": "Cristal de Eternia",
		"DD2GoblinBomberT1": "Bombardeiro Goblin de Éter",
		"DD2GoblinT1": "Goblin de Éter",
		"DD2JavelinstT1": "Lançador de Dardos de Éter",
		"DD2KoboldFlyerT2": "Kobold Voador",
		"DD2KoboldWalkerT2": "Kobold",
		"DD2LightningBugT3": "Inseto Relâmpago de Éter",
		"DD2OgreT2": "Ogro",
		"DD2SkeletonT1": "Esqueleto do Ancião",
		"DD2WitherBeastT2": "Fera Definhada",
		"DD2WyvernT1": "Serpe de Éter",
		"GreenSlime": "Geleia verde",
		"JungleSlime": "Geleia da selva",
		"Pinky": "Rosado",
		"PurpleSlime": "Geleia roxa",
		"RedSlime": "Geleia vermelha",
		"Slimeling": "Geleinha",
		"Slimer2": "Geleia",
		"SmallRainZombie": "Zumbi",
		"YellowSlime": "Geleia amarela",
		"MoonLordFreeEye": "Verdadeiro Olho de Cthulhu",
		"MoonLordLeechBlob": "Coágulo do Sanguessuga da Lua",
		"SkeletonMerchant": "Comerciante Esqueleto",
		"PirateShip": "Holandês Voador",
		"PirateShipCannon": "Canhão do Holandês",
		"BartenderUnconscious": "Homem Inconsciente"
	}
}